student_id,CS101,CS102,MTH100,MTH101,IT201,IT202,IT203,SE201,gpa_accumulated,holland_r,holland_i,holland_a,holland_s,holland_e,holland_c,target_specialization
VKU221861,2.9,3.2,2.56,3.96,4.0,2.93,2.38,2.44,3.05,2.1,4.5,3.2,2.6,4.0,4.1,DATA_ANALYTICS
VKU220354,4.0,2.98,3.78,3.4,3.4,3.32,3.83,2.97,3.46,3.8,4.9,1.9,3.1,2.1,2.7,CS_DATA_AI
VKU221334,3.52,3.19,3.57,3.9,3.17,3.88,3.66,3.06,3.49,5.0,4.6,2.1,2.4,2.0,3.9,CYBER_SECURITY
VKU220906,3.68,2.97,2.81,2.67,3.2,4.0,4.0,2.81,3.27,4.8,3.6,1.9,3.0,1.6,4.6,DEVOPS_CLOUD
VKU221290,3.01,2.93,2.93,3.42,2.55,3.39,3.49,2.38,3.01,4.3,4.8,1.0,1.6,2.2,3.4,CYBER_SECURITY
VKU221274,3.24,3.42,3.52,3.57,3.25,4.0,3.79,3.36,3.52,4.4,3.9,1.0,2.3,2.6,4.6,CYBER_SECURITY
VKU220939,3.27,3.6,1.91,2.43,3.11,4.0,3.58,3.03,3.12,4.6,3.5,1.0,2.1,1.8,4.7,DEVOPS_CLOUD
VKU221732,3.36,1.82,2.87,3.44,3.37,3.01,3.06,2.59,2.94,2.6,4.5,2.9,3.6,4.4,4.5,DATA_ANALYTICS
VKU220066,3.24,3.96,3.42,3.77,4.0,2.69,2.12,3.12,3.29,4.0,4.6,1.4,2.1,1.3,3.6,CS_DATA_AI
VKU221324,2.91,2.95,3.77,2.26,3.09,3.77,3.76,3.06,3.2,4.3,4.7,1.5,1.7,2.4,4.4,CYBER_SECURITY
VKU220057,3.67,3.66,3.12,4.0,3.65,2.71,3.2,3.22,3.4,4.3,4.9,2.5,2.7,3.2,3.4,CS_DATA_AI
VKU221293,3.45,2.86,2.76,3.36,3.68,3.22,3.52,2.51,3.17,4.3,4.6,1.6,1.2,2.4,4.6,CYBER_SECURITY
VKU221119,3.04,2.94,2.91,3.21,2.8,3.96,3.61,3.53,3.25,4.7,3.8,2.2,3.4,3.0,4.5,DEVOPS_CLOUD
VKU220585,3.06,4.0,2.32,2.39,3.09,3.5,3.08,3.43,3.11,4.1,4.3,4.0,2.9,2.9,3.6,SE_FULLSTACK
VKU220375,3.35,3.73,3.42,3.38,4.0,2.83,3.0,3.49,3.4,3.4,5.0,2.2,1.9,2.7,3.2,CS_DATA_AI
VKU220276,4.0,3.61,2.99,4.0,3.47,2.81,3.11,2.87,3.36,3.3,4.1,2.3,2.2,3.3,3.5,CS_DATA_AI
VKU220747,3.78,3.93,3.13,3.48,3.57,3.41,2.87,3.4,3.45,4.4,3.9,3.2,2.9,3.0,3.7,SE_FULLSTACK
VKU220129,3.67,3.3,3.4,4.0,2.92,2.56,2.93,2.88,3.21,4.4,5.0,2.1,3.3,2.7,4.2,CS_DATA_AI
VKU221647,3.56,2.99,3.27,3.04,3.65,1.85,3.21,3.18,3.09,3.3,4.7,3.6,3.7,4.3,4.4,DATA_ANALYTICS
VKU221853,3.33,2.48,2.83,3.85,3.5,2.84,2.47,2.54,2.98,2.9,4.7,2.9,3.5,4.8,4.7,DATA_ANALYTICS
VKU220675,3.49,3.81,2.2,2.02,3.33,3.76,3.1,3.73,3.18,4.5,3.9,3.8,2.3,2.0,3.8,SE_FULLSTACK
VKU221665,2.69,3.35,3.05,3.17,3.62,2.62,3.32,2.0,2.98,2.4,3.7,3.3,3.5,4.4,4.7,DATA_ANALYTICS
VKU221982,3.33,2.12,2.26,3.95,4.0,3.14,2.22,2.74,2.97,3.1,3.2,3.0,3.6,3.7,5.0,DATA_ANALYTICS
VKU221084,3.49,3.19,3.01,2.76,3.27,3.64,3.81,3.28,3.31,3.9,3.9,1.7,2.9,2.7,5.0,DEVOPS_CLOUD
VKU221923,3.18,2.66,2.87,3.12,3.46,2.99,2.63,2.65,2.95,2.7,3.0,3.2,3.7,4.2,5.0,DATA_ANALYTICS
VKU220100,3.43,3.72,3.84,4.0,2.74,2.53,3.02,2.98,3.28,3.6,4.0,1.9,2.7,2.9,3.7,CS_DATA_AI
VKU221180,3.82,3.39,3.59,2.89,3.09,3.97,3.8,2.89,3.43,4.9,3.7,1.5,2.5,2.7,4.2,DEVOPS_CLOUD
VKU220965,3.28,2.84,3.35,2.56,2.68,3.37,3.84,2.85,3.1,3.9,4.1,1.8,3.5,3.1,4.2,DEVOPS_CLOUD
VKU220793,3.48,4.0,3.42,2.63,3.55,2.86,2.98,3.78,3.34,4.0,2.6,3.4,2.6,3.8,3.5,SE_FULLSTACK
VKU220030,3.89,2.73,2.98,4.0,3.52,3.59,2.84,2.8,3.29,3.8,4.4,2.4,2.6,3.1,3.3,CS_DATA_AI
VKU220629,3.6,3.65,2.83,2.71,3.01,3.42,2.64,3.75,3.2,4.0,3.9,3.6,2.7,2.8,4.1,SE_FULLSTACK
VKU220945,3.01,3.37,2.71,2.64,3.18,3.55,4.0,2.9,3.17,3.9,4.5,1.9,2.8,3.1,4.7,DEVOPS_CLOUD
VKU220573,3.16,4.0,2.59,3.11,3.33,2.64,2.76,3.53,3.14,4.7,3.6,3.4,2.7,2.8,3.7,SE_FULLSTACK
VKU220908,3.02,3.02,2.83,2.75,2.85,3.36,4.0,3.56,3.17,4.6,4.1,1.9,3.3,2.7,5.0,DEVOPS_CLOUD
VKU221081,3.22,3.37,2.8,3.0,4.0,3.32,3.47,3.39,3.32,4.6,4.1,2.3,2.8,2.9,4.3,DEVOPS_CLOUD
VKU220451,3.24,3.65,3.19,2.95,3.77,2.95,3.32,4.0,3.38,4.4,4.3,3.2,2.7,2.7,3.3,SE_FULLSTACK
VKU221610,2.69,2.3,2.75,3.78,3.98,2.42,2.14,2.82,2.86,2.5,4.3,2.9,3.3,4.9,4.9,DATA_ANALYTICS
VKU221291,3.68,2.7,3.32,3.58,3.0,3.57,4.0,1.98,3.23,4.4,4.9,1.8,2.0,2.5,5.0,CYBER_SECURITY
VKU221079,3.23,3.04,2.86,2.56,3.85,4.0,4.0,2.75,3.29,3.9,3.2,1.7,2.7,2.1,4.3,DEVOPS_CLOUD
VKU220255,3.69,2.77,3.1,3.97,3.24,2.1,3.22,2.97,3.13,4.6,4.2,2.4,2.2,2.7,3.1,CS_DATA_AI
VKU220125,3.34,3.12,3.33,4.0,3.19,3.08,2.19,2.73,3.12,2.6,4.4,2.5,2.6,3.3,3.6,CS_DATA_AI
VKU221928,3.38,3.54,2.12,3.41,3.78,2.42,2.35,3.09,3.01,1.9,4.3,3.3,3.9,4.0,4.6,DATA_ANALYTICS
VKU220252,3.68,3.99,3.75,4.0,2.8,3.27,2.89,2.91,3.41,3.6,4.3,2.3,2.2,2.3,2.9,CS_DATA_AI
VKU220586,3.62,4.0,3.06,2.27,3.77,3.43,2.44,4.0,3.32,4.3,4.3,3.9,2.2,3.0,3.7,SE_FULLSTACK
VKU221569,2.63,2.88,3.73,3.14,3.76,3.55,3.55,2.23,3.18,4.6,4.4,1.6,2.1,3.0,4.4,CYBER_SECURITY
VKU220825,3.69,3.32,2.55,3.33,3.31,3.67,4.0,3.11,3.37,5.0,3.3,2.8,2.5,2.7,4.1,DEVOPS_CLOUD
VKU220508,3.06,3.35,3.04,2.5,3.4,2.87,3.19,3.34,3.09,3.3,3.4,3.2,3.1,3.4,4.2,SE_FULLSTACK
VKU220890,3.05,3.19,3.04,2.86,3.52,3.46,3.68,3.6,3.3,4.4,4.0,1.4,2.2,3.3,4.1,DEVOPS_CLOUD
VKU220071,3.33,2.7,3.12,3.08,3.26,2.55,3.06,3.19,3.04,3.4,4.2,2.6,2.4,2.2,3.3,CS_DATA_AI
VKU221609,3.16,3.36,2.96,2.99,3.6,2.75,2.78,3.01,3.08,1.5,4.3,2.7,3.2,4.0,4.7,DATA_ANALYTICS
VKU221533,3.6,3.12,2.57,2.86,3.28,3.82,3.19,3.07,3.19,4.4,5.0,2.0,1.7,2.7,4.1,CYBER_SECURITY
VKU220248,3.81,3.54,3.69,3.38,3.32,3.41,2.91,3.52,3.45,3.4,4.8,3.1,1.6,2.5,4.0,CS_DATA_AI
VKU221451,3.57,3.55,2.58,3.3,3.04,3.86,4.0,2.5,3.3,5.0,4.6,1.6,2.4,3.6,4.4,CYBER_SECURITY
VKU220213,4.0,3.13,2.9,3.38,3.63,2.59,3.33,3.48,3.31,4.3,5.0,2.4,3.1,2.5,2.7,CS_DATA_AI
VKU220910,2.8,2.61,3.2,2.41,3.0,3.9,3.75,3.28,3.12,4.3,4.0,1.5,2.4,2.9,4.4,DEVOPS_CLOUD
VKU221742,3.41,2.67,2.94,3.61,3.31,1.81,2.37,2.61,2.84,3.1,4.4,3.1,3.8,3.8,4.4,DATA_ANALYTICS
VKU221245,3.49,2.92,3.46,2.91,3.61,3.41,3.63,2.85,3.29,4.8,5.0,1.4,2.1,2.9,4.3,CYBER_SECURITY
VKU221697,2.89,3.45,3.06,3.85,2.96,1.94,3.04,2.26,2.93,3.5,3.8,3.7,3.8,3.8,4.2,DATA_ANALYTICS
VKU221183,3.38,3.21,3.43,2.89,3.29,3.71,3.94,2.67,3.31,4.3,3.8,1.8,2.2,3.2,4.6,DEVOPS_CLOUD
VKU220362,4.0,3.34,3.63,4.0,3.6,2.68,3.19,3.26,3.46,3.9,5.0,2.1,2.9,2.3,3.1,CS_DATA_AI
VKU221474,3.68,3.31,3.25,3.65,3.0,3.3,3.66,3.43,3.41,5.0,4.9,2.2,2.7,2.5,4.5,CYBER_SECURITY
VKU220679,3.14,3.31,2.71,2.96,3.09,2.59,1.98,3.05,2.85,4.4,3.5,3.5,3.1,3.4,4.8,SE_FULLSTACK
VKU221622,3.18,2.98,2.71,3.81,3.55,2.84,3.24,3.12,3.18,2.7,4.3,4.0,3.5,4.5,4.6,DATA_ANALYTICS
VKU221090,3.18,2.78,2.14,2.96,3.59,3.79,4.0,2.1,3.07,5.0,4.2,2.2,2.6,2.6,4.5,DEVOPS_CLOUD
VKU221988,3.02,3.08,2.98,3.83,3.44,2.9,2.62,3.68,3.19,2.3,3.6,2.5,4.3,4.4,4.0,DATA_ANALYTICS
VKU221848,3.19,2.83,2.84,3.27,3.99,2.78,2.54,3.27,3.09,1.6,4.2,2.4,3.1,4.1,5.0,DATA_ANALYTICS
VKU220988,2.8,2.69,2.64,2.29,3.78,4.0,3.73,3.06,3.12,4.9,3.5,2.1,2.6,2.5,4.1,DEVOPS_CLOUD
VKU221513,2.72,3.03,3.56,2.97,2.95,3.38,3.42,2.58,3.08,3.7,5.0,1.0,1.3,3.1,3.7,CYBER_SECURITY
VKU220112,3.75,3.2,3.67,4.0,3.24,2.86,2.89,3.49,3.39,3.9,5.0,1.9,2.0,2.9,2.8,CS_DATA_AI
VKU221488,3.28,3.39,3.19,4.0,3.27,4.0,3.42,2.24,3.35,4.3,4.5,2.6,1.8,3.0,3.8,CYBER_SECURITY
VKU221454,3.54,3.62,3.19,3.29,3.02,4.0,3.85,3.28,3.47,4.6,4.2,1.7,1.6,2.5,4.2,CYBER_SECURITY
VKU220384,3.83,4.0,2.62,3.59,3.49,3.25,2.64,3.31,3.34,3.3,4.5,2.2,2.8,2.9,3.6,CS_DATA_AI
VKU221396,2.7,1.94,3.13,3.74,3.39,3.57,3.79,1.51,2.97,3.2,5.0,1.3,2.3,3.2,4.3,CYBER_SECURITY
VKU221055,3.24,2.82,2.47,3.24,3.48,3.86,3.95,3.15,3.28,5.0,4.2,1.2,3.0,2.7,5.0,DEVOPS_CLOUD
VKU220756,3.66,3.17,2.39,3.41,3.37,3.14,3.66,3.29,3.26,3.4,3.8,3.4,2.4,2.9,4.0,SE_FULLSTACK
VKU220325,3.35,3.69,3.03,3.4,3.6,2.64,3.09,3.19,3.25,3.8,4.6,2.5,2.7,2.2,3.3,CS_DATA_AI
VKU221624,2.44,3.19,3.16,3.55,4.0,2.96,2.76,2.39,3.06,2.6,4.5,3.0,3.5,4.9,4.4,DATA_ANALYTICS
VKU220788,3.74,3.07,3.45,2.85,3.63,2.91,3.03,3.47,3.27,5.0,3.0,3.9,3.0,3.4,3.6,SE_FULLSTACK
VKU220369,3.95,4.0,3.26,3.37,3.26,2.62,2.65,3.54,3.33,4.1,4.0,2.2,1.6,2.8,3.6,CS_DATA_AI
VKU221820,2.54,2.89,2.57,3.79,3.55,3.2,3.01,3.68,3.15,2.8,3.8,3.4,3.6,3.6,3.8,DATA_ANALYTICS
VKU220070,3.57,3.55,2.65,3.67,3.26,3.14,2.99,3.19,3.25,4.2,5.0,2.1,2.4,2.6,3.3,CS_DATA_AI
VKU220858,2.76,3.08,2.89,2.97,3.39,3.8,3.36,3.01,3.16,4.1,3.5,1.6,1.9,2.1,3.5,DEVOPS_CLOUD
VKU221484,3.19,3.78,3.38,3.14,2.6,3.5,3.47,2.47,3.19,3.8,4.6,2.0,2.1,2.1,4.3,CYBER_SECURITY
VKU221556,3.96,3.52,3.26,3.31,3.15,4.0,4.0,2.81,3.5,3.9,4.3,2.0,2.2,2.9,4.4,CYBER_SECURITY
VKU221692,2.54,3.24,2.74,3.72,3.68,2.63,3.34,2.9,3.1,2.5,3.5,3.0,3.0,4.4,4.5,DATA_ANALYTICS
VKU221475,2.62,2.99,2.87,3.17,3.02,3.31,4.0,3.39,3.17,3.4,5.0,1.7,2.2,1.9,4.8,CYBER_SECURITY
VKU221799,3.8,2.96,3.16,3.69,3.79,2.3,3.5,2.79,3.25,2.4,4.7,3.0,3.5,3.8,4.9,DATA_ANALYTICS
VKU220479,4.0,3.73,2.6,2.82,3.45,3.54,2.54,3.94,3.33,3.7,3.7,3.7,2.7,3.3,3.9,SE_FULLSTACK
VKU220282,3.67,3.72,3.85,3.51,3.2,2.86,3.33,3.05,3.4,3.9,4.3,2.9,2.2,2.6,4.0,CS_DATA_AI
VKU221648,2.76,3.08,3.1,3.48,4.0,2.48,3.0,2.49,3.05,3.0,3.6,3.4,2.7,4.1,4.0,DATA_ANALYTICS
VKU221557,3.23,3.05,3.15,3.05,3.28,3.85,3.68,1.95,3.15,4.9,4.3,1.4,1.9,2.9,3.7,CYBER_SECURITY
VKU221730,2.5,3.19,3.17,3.82,3.54,2.68,2.74,2.95,3.07,1.6,4.1,2.3,3.6,4.3,4.7,DATA_ANALYTICS
VKU220211,4.0,3.56,3.04,2.96,3.57,2.41,3.09,2.89,3.19,3.4,4.9,2.1,2.9,2.4,3.3,CS_DATA_AI
VKU220298,3.6,3.62,3.14,3.38,3.81,3.54,2.73,2.91,3.34,4.5,4.8,1.7,2.5,3.1,3.4,CS_DATA_AI
VKU221885,2.84,3.3,2.52,4.0,3.55,1.75,2.86,2.13,2.87,4.0,4.1,2.5,3.4,3.6,4.4,DATA_ANALYTICS
VKU221834,3.11,2.65,2.81,4.0,4.0,2.69,2.84,2.85,3.12,2.9,4.0,2.8,3.0,5.0,4.6,DATA_ANALYTICS
VKU220652,4.0,3.63,2.95,2.8,3.75,3.13,3.66,3.43,3.42,4.4,4.6,3.0,3.3,3.4,3.2,SE_FULLSTACK
VKU221234,3.66,3.57,3.89,3.08,3.47,3.81,3.48,2.85,3.48,5.0,4.8,2.4,2.1,2.5,3.6,CYBER_SECURITY
VKU221503,3.85,3.79,3.03,2.95,4.0,3.62,4.0,3.36,3.58,4.3,4.5,1.4,2.3,1.9,4.3,CYBER_SECURITY
VKU221932,3.59,2.43,3.2,3.73,3.16,2.9,2.69,3.35,3.13,3.4,3.8,2.7,4.0,3.7,5.0,DATA_ANALYTICS
VKU220917,3.58,3.24,2.81,2.58,3.18,4.0,3.89,3.13,3.3,4.7,3.7,1.9,2.5,2.9,4.5,DEVOPS_CLOUD
VKU220994,3.0,2.89,2.65,2.66,3.19,4.0,3.23,3.23,3.11,4.9,3.3,2.3,1.8,2.3,4.5,DEVOPS_CLOUD
VKU220430,4.0,3.18,2.58,3.1,3.86,3.17,2.97,4.0,3.36,4.8,3.3,3.2,3.4,3.5,3.7,SE_FULLSTACK
VKU221371,3.42,3.62,3.47,3.31,3.2,3.51,3.85,2.63,3.38,4.5,4.4,2.5,2.5,3.2,4.2,CYBER_SECURITY
VKU220240,3.67,3.49,3.55,3.52,4.0,3.28,2.79,2.74,3.38,3.5,5.0,2.6,3.0,2.2,3.7,CS_DATA_AI
VKU220880,3.01,3.85,2.52,2.92,3.57,4.0,4.0,2.6,3.31,5.0,3.8,2.3,2.0,2.7,4.7,DEVOPS_CLOUD
VKU220621,3.48,3.53,2.95,2.88,3.47,3.04,2.91,3.53,3.22,4.2,3.6,3.0,2.5,3.1,4.3,SE_FULLSTACK
VKU220257,3.79,3.18,4.0,3.63,3.65,3.65,3.04,3.59,3.57,4.1,4.6,2.5,2.2,2.3,3.9,CS_DATA_AI
VKU220612,3.0,4.0,3.81,2.61,3.59,2.48,2.57,3.61,3.21,4.0,3.6,3.3,3.2,3.6,3.7,SE_FULLSTACK
VKU220545,3.55,4.0,2.84,3.01,3.27,2.94,2.58,3.91,3.26,3.9,4.0,3.4,3.1,2.8,3.7,SE_FULLSTACK
VKU220772,3.95,3.75,3.2,2.57,2.91,3.23,2.61,3.45,3.21,4.1,3.4,3.3,2.8,3.1,3.3,SE_FULLSTACK
VKU221420,4.0,4.0,3.11,3.17,2.58,3.49,3.9,3.07,3.42,4.4,4.1,1.2,2.3,3.0,4.1,CYBER_SECURITY
VKU221042,2.54,3.04,2.93,2.75,3.35,3.31,4.0,3.27,3.15,5.0,4.2,1.9,1.8,3.1,5.0,DEVOPS_CLOUD
VKU221790,3.42,2.85,2.72,3.68,3.83,2.94,2.59,2.94,3.12,2.8,4.6,3.2,3.0,3.9,4.8,DATA_ANALYTICS
VKU220760,3.88,2.93,2.89,3.36,2.95,3.57,2.79,4.0,3.3,4.8,3.6,3.9,2.9,2.3,4.0,SE_FULLSTACK
VKU220383,3.43,3.6,3.48,3.62,3.23,3.86,3.15,3.5,3.48,3.4,5.0,1.4,2.2,2.7,3.9,CS_DATA_AI
VKU221104,2.8,3.61,3.52,3.07,3.11,3.38,3.34,3.08,3.24,4.9,4.3,1.6,2.4,2.9,4.3,DEVOPS_CLOUD
VKU220974,3.58,2.91,3.68,2.6,3.19,3.6,4.0,3.63,3.4,5.0,3.7,2.0,2.4,2.0,4.3,DEVOPS_CLOUD
VKU220353,4.0,3.16,3.61,3.57,3.32,3.04,2.9,2.39,3.25,3.8,5.0,2.5,2.5,2.8,3.5,CS_DATA_AI
VKU221606,3.59,2.39,3.39,3.93,4.0,2.99,2.49,2.18,3.12,2.6,4.0,2.5,2.6,4.3,4.8,DATA_ANALYTICS
VKU221826,3.24,2.5,2.66,3.0,3.87,3.0,2.33,3.01,2.95,2.6,4.2,2.7,3.9,3.6,4.2,DATA_ANALYTICS
VKU221037,3.23,2.47,3.34,2.42,3.12,3.28,3.58,2.92,3.04,4.5,3.7,1.0,2.4,3.5,4.0,DEVOPS_CLOUD
VKU221108,3.21,3.6,2.52,2.95,4.0,3.76,3.85,2.65,3.32,5.0,4.3,1.8,2.0,2.6,5.0,DEVOPS_CLOUD
VKU220495,2.94,3.85,3.04,2.84,3.09,3.11,3.33,3.86,3.26,4.2,3.8,3.3,2.5,2.8,3.3,SE_FULLSTACK
VKU220394,3.53,3.44,3.83,3.98,2.85,2.83,2.85,2.93,3.28,3.8,4.5,2.3,2.0,2.6,3.6,CS_DATA_AI
VKU221547,3.25,3.22,3.11,3.07,3.11,4.0,3.43,2.86,3.26,4.3,4.0,1.4,2.3,3.2,4.5,CYBER_SECURITY
VKU220465,4.0,3.27,3.33,2.66,3.69,2.7,3.12,3.7,3.31,3.7,4.2,3.5,2.5,3.4,3.8,SE_FULLSTACK
VKU220887,3.19,3.84,3.12,3.0,3.12,3.36,4.0,2.61,3.28,4.1,4.1,2.2,2.3,3.0,3.4,DEVOPS_CLOUD
VKU221194,3.22,2.47,2.79,3.46,2.97,3.6,3.9,3.45,3.23,4.5,4.5,2.7,2.4,2.8,4.6,DEVOPS_CLOUD
VKU220367,3.99,4.0,2.79,3.98,4.0,2.82,3.13,2.97,3.46,4.8,4.3,2.2,2.6,2.3,3.6,CS_DATA_AI
VKU221894,3.56,2.52,2.28,3.83,3.96,2.52,1.84,2.27,2.85,2.6,3.8,3.1,2.6,4.4,4.5,DATA_ANALYTICS
VKU221874,2.87,2.44,2.53,3.64,3.58,2.77,3.19,2.31,2.92,3.3,4.4,2.4,3.2,4.4,4.5,DATA_ANALYTICS
VKU220745,4.0,2.93,3.87,3.87,3.54,3.28,2.96,3.11,3.45,4.1,3.8,3.9,3.2,3.1,3.8,SE_FULLSTACK
VKU220530,3.55,3.57,2.59,2.78,3.75,2.78,3.14,4.0,3.27,4.1,3.4,3.3,2.4,3.2,3.4,SE_FULLSTACK
VKU220803,3.2,3.22,1.9,2.4,3.01,3.68,3.9,3.45,3.09,4.3,3.5,1.5,1.4,2.8,4.8,DEVOPS_CLOUD
VKU221224,3.58,2.35,2.56,3.22,2.96,4.0,3.0,3.42,3.14,5.0,5.0,1.3,1.5,2.3,4.5,CYBER_SECURITY
VKU221979,3.7,3.04,3.61,4.0,3.94,2.08,2.16,3.03,3.19,2.1,4.8,2.8,3.6,4.0,4.7,DATA_ANALYTICS
VKU221906,3.1,2.92,2.66,3.55,4.0,2.62,2.58,2.41,2.98,2.8,4.1,3.0,3.0,4.6,3.5,DATA_ANALYTICS
VKU221700,3.19,2.62,2.72,3.26,3.42,1.91,2.42,2.61,2.77,2.7,3.7,3.0,3.3,4.3,5.0,DATA_ANALYTICS
VKU221545,3.06,3.0,3.04,3.53,3.11,3.49,3.44,3.17,3.23,4.3,4.0,2.2,1.5,2.3,4.1,CYBER_SECURITY
VKU221314,3.11,3.76,3.47,2.97,3.4,3.85,4.0,2.91,3.43,4.7,4.8,1.5,1.7,3.0,3.8,CYBER_SECURITY
VKU220307,3.67,3.84,3.34,4.0,3.66,2.77,2.89,3.63,3.47,3.7,4.2,1.7,1.9,2.2,3.6,CS_DATA_AI
VKU221667,2.99,3.64,3.2,3.76,3.09,2.82,2.32,2.38,3.02,2.6,4.7,2.6,3.4,4.2,4.6,DATA_ANALYTICS
VKU220863,3.54,2.95,2.49,3.57,3.32,3.7,4.0,2.81,3.3,5.0,4.6,2.7,3.0,2.5,4.4,DEVOPS_CLOUD
VKU221567,3.41,3.69,2.81,3.18,2.98,4.0,3.57,3.4,3.38,4.2,4.9,2.0,2.1,2.3,3.9,CYBER_SECURITY
VKU220531,3.59,4.0,2.52,3.39,3.37,2.82,2.83,4.0,3.31,4.8,3.9,3.2,2.5,3.3,3.6,SE_FULLSTACK
VKU220655,3.63,3.42,3.16,2.93,3.63,3.33,3.08,4.0,3.4,5.0,3.9,2.8,3.9,2.7,3.3,SE_FULLSTACK
VKU221260,3.33,3.79,3.35,3.31,3.28,3.95,3.8,2.84,3.46,4.5,4.5,1.4,2.3,2.5,3.5,CYBER_SECURITY
VKU220234,3.4,2.97,3.7,3.57,3.39,2.52,3.23,2.66,3.18,3.9,5.0,2.1,1.9,2.8,3.1,CS_DATA_AI
VKU220121,3.62,3.75,3.77,4.0,3.29,3.54,3.12,3.2,3.54,3.9,3.9,2.7,2.9,2.9,3.0,CS_DATA_AI
VKU221698,3.61,2.97,3.2,3.32,3.62,2.76,3.0,3.35,3.23,3.0,4.2,2.8,3.6,3.4,4.6,DATA_ANALYTICS
VKU220950,3.34,2.8,2.96,3.35,3.14,3.49,3.86,3.11,3.26,5.0,4.0,1.7,2.9,3.1,4.2,DEVOPS_CLOUD
VKU220618,3.6,3.88,3.08,3.48,3.53,2.47,3.43,3.86,3.42,4.3,4.7,3.1,2.6,3.4,3.6,SE_FULLSTACK
VKU221179,3.38,3.09,3.33,2.8,3.08,3.17,3.55,3.4,3.22,4.2,3.4,2.2,2.8,2.3,4.1,DEVOPS_CLOUD
VKU220308,3.33,3.59,3.48,3.52,3.33,2.59,3.22,3.49,3.32,3.9,4.4,2.5,2.6,2.8,4.2,CS_DATA_AI
VKU220136,3.81,3.59,3.58,4.0,3.36,2.69,2.87,3.16,3.38,3.2,4.9,2.6,3.1,2.8,3.5,CS_DATA_AI
VKU220555,3.42,3.75,3.91,3.36,3.78,3.12,2.86,3.76,3.5,4.8,4.1,4.2,2.0,3.2,4.4,SE_FULLSTACK
VKU221674,3.2,2.89,2.67,3.57,4.0,2.43,2.9,2.92,3.07,2.2,4.3,3.0,2.4,4.3,4.2,DATA_ANALYTICS
VKU220584,3.66,3.65,3.0,3.5,3.99,2.65,3.26,3.73,3.43,4.3,3.7,3.3,2.6,3.1,3.5,SE_FULLSTACK
VKU221641,3.82,3.13,2.85,4.0,3.31,2.31,2.62,2.51,3.07,2.4,4.9,2.8,3.6,3.5,4.1,DATA_ANALYTICS
VKU220671,3.74,3.24,3.67,2.29,3.56,2.64,3.46,3.77,3.3,4.2,4.7,3.0,2.7,2.6,4.2,SE_FULLSTACK
VKU220835,3.5,3.35,3.17,2.85,3.37,3.53,3.86,3.42,3.38,4.8,4.3,2.3,1.4,3.2,4.9,DEVOPS_CLOUD
VKU220110,3.78,3.46,3.64,3.89,3.82,2.72,3.11,3.47,3.49,4.2,3.6,2.0,2.6,3.2,3.5,CS_DATA_AI
VKU221165,3.05,2.24,3.0,2.55,3.08,3.56,3.63,2.74,2.98,5.0,4.1,2.2,2.3,2.6,4.3,DEVOPS_CLOUD
VKU221960,3.63,2.81,3.59,3.53,3.7,2.81,3.12,2.69,3.23,2.9,4.1,2.4,2.8,3.9,5.0,DATA_ANALYTICS
VKU221465,2.6,3.6,3.61,3.62,2.76,4.0,3.62,2.51,3.29,4.9,5.0,2.4,1.4,2.0,4.2,CYBER_SECURITY
VKU221729,3.54,2.35,3.06,3.22,3.63,2.78,2.53,2.59,2.96,2.5,4.3,1.9,3.9,4.6,3.8,DATA_ANALYTICS
VKU221243,3.04,3.82,2.97,3.2,3.44,3.7,3.98,3.4,3.44,4.6,4.2,1.3,1.1,2.5,4.5,CYBER_SECURITY
VKU220212,3.4,3.11,3.37,3.46,3.88,2.55,3.1,3.08,3.24,3.3,4.2,2.9,2.4,2.6,3.5,CS_DATA_AI
VKU221768,3.15,2.48,3.59,3.13,3.86,2.3,2.72,2.35,2.95,2.7,4.3,3.8,3.8,4.8,4.8,DATA_ANALYTICS
VKU221121,2.32,2.81,2.93,2.66,3.11,3.78,3.72,2.88,3.03,4.7,4.7,1.3,3.1,3.6,4.0,DEVOPS_CLOUD
VKU220680,3.58,3.45,3.06,2.98,3.51,3.16,3.1,4.0,3.35,3.8,4.4,3.8,2.3,2.1,4.2,SE_FULLSTACK
VKU221951,2.6,3.22,2.35,3.38,4.0,2.58,2.81,3.0,2.99,2.5,4.1,2.8,3.5,3.6,4.4,DATA_ANALYTICS
VKU221839,3.17,3.48,2.9,4.0,3.68,2.26,2.9,2.29,3.08,2.3,3.5,2.6,3.7,3.8,3.3,DATA_ANALYTICS
VKU220412,3.46,3.85,2.6,3.79,4.0,3.44,3.05,3.55,3.47,4.1,4.0,3.7,2.5,3.8,3.6,SE_FULLSTACK
VKU221325,3.55,3.73,2.95,3.22,3.15,3.7,4.0,3.08,3.42,4.5,5.0,1.6,2.1,2.6,4.2,CYBER_SECURITY
VKU220783,2.43,3.93,3.23,2.97,3.69,2.75,3.2,2.36,3.07,4.0,4.4,3.2,3.3,3.9,3.3,SE_FULLSTACK
VKU221346,3.48,3.44,3.93,3.07,2.99,3.35,3.58,2.8,3.33,4.9,4.8,1.5,1.9,2.5,4.0,CYBER_SECURITY
VKU220875,2.92,2.64,3.59,2.93,3.14,3.89,3.66,2.82,3.2,4.1,3.9,2.1,2.0,2.4,4.4,DEVOPS_CLOUD
VKU221653,3.64,2.57,2.72,4.0,4.0,2.86,2.85,2.06,3.09,3.2,2.6,2.7,2.7,4.0,4.6,DATA_ANALYTICS
VKU221279,2.68,2.99,2.79,3.16,3.57,4.0,4.0,3.11,3.29,4.3,4.8,1.0,2.3,2.3,4.0,CYBER_SECURITY
VKU220786,3.07,3.4,2.6,2.61,3.75,3.45,3.11,4.0,3.25,3.8,3.5,3.6,2.7,3.8,4.5,SE_FULLSTACK
VKU221819,3.69,2.48,3.45,3.67,3.6,2.44,2.53,2.82,3.08,2.5,3.3,3.1,3.5,4.3,4.3,DATA_ANALYTICS
VKU221199,3.14,3.32,3.25,3.0,3.33,3.62,3.54,2.69,3.24,4.1,3.7,2.4,1.9,2.9,4.6,DEVOPS_CLOUD
VKU220808,3.06,2.5,2.81,3.28,2.45,3.46,3.3,2.77,2.95,4.5,3.1,2.0,2.5,2.2,4.2,DEVOPS_CLOUD
VKU220713,3.61,4.0,3.41,2.36,3.7,2.93,2.81,3.85,3.33,4.0,3.3,2.6,3.5,2.6,3.7,SE_FULLSTACK
VKU221991,3.09,3.26,3.89,4.0,3.68,2.77,3.13,2.79,3.33,2.2,4.1,3.3,3.6,3.5,4.5,DATA_ANALYTICS
VKU221660,2.94,2.76,2.45,4.0,4.0,2.75,2.45,2.84,3.02,2.2,3.7,2.7,4.1,4.0,4.8,DATA_ANALYTICS
VKU221191,3.27,2.98,2.65,3.5,3.46,3.68,4.0,3.36,3.36,4.9,3.5,2.2,3.0,2.4,4.1,DEVOPS_CLOUD
VKU221226,2.93,3.95,3.2,2.96,2.9,3.59,3.74,2.96,3.28,4.4,4.6,2.0,1.7,3.2,3.0,CYBER_SECURITY
VKU220603,4.0,4.0,3.31,2.78,2.83,2.5,3.0,4.0,3.3,4.1,3.5,3.6,2.9,2.6,4.6,SE_FULLSTACK
VKU220271,3.81,3.6,4.0,4.0,3.16,2.41,3.04,3.82,3.48,3.7,3.7,2.0,2.9,2.8,3.7,CS_DATA_AI
VKU221385,3.18,3.21,2.52,3.74,2.99,3.75,3.24,2.4,3.13,4.9,3.9,2.1,1.4,2.6,3.5,CYBER_SECURITY
VKU220232,3.22,3.95,3.58,3.18,2.61,3.18,3.08,3.08,3.23,4.2,4.1,1.4,2.9,3.0,3.8,CS_DATA_AI
VKU220050,3.6,3.37,3.52,3.43,3.14,3.18,3.22,2.76,3.28,4.0,4.7,3.0,3.0,1.9,3.9,CS_DATA_AI
VKU220463,3.37,3.57,2.68,3.05,3.01,2.42,3.0,3.78,3.11,4.4,4.3,3.2,2.9,2.7,3.8,SE_FULLSTACK
VKU221106,2.98,3.4,2.7,3.31,3.69,3.67,3.89,2.83,3.31,4.9,3.2,1.0,2.0,2.9,4.7,DEVOPS_CLOUD
VKU220856,3.22,2.96,2.18,2.21,2.73,3.34,4.0,3.45,3.01,5.0,3.0,1.6,2.6,1.9,4.6,DEVOPS_CLOUD
VKU220694,3.91,3.43,3.68,3.16,3.87,2.99,2.74,3.87,3.46,4.0,4.8,2.8,3.6,3.5,4.7,SE_FULLSTACK
VKU221552,3.44,3.82,3.57,3.28,3.41,4.0,3.13,2.65,3.41,4.9,5.0,1.5,1.7,2.8,3.6,CYBER_SECURITY
VKU221873,3.71,3.19,3.07,3.41,3.68,2.24,3.29,2.49,3.13,2.8,3.7,2.9,3.5,3.4,4.0,DATA_ANALYTICS
VKU220527,3.74,3.21,2.16,2.85,3.5,2.36,3.34,3.24,3.05,3.9,4.6,3.8,2.7,2.7,3.6,SE_FULLSTACK
VKU220174,3.72,3.6,3.41,3.33,3.36,2.8,2.65,3.0,3.23,4.4,4.1,1.0,2.2,3.1,2.7,CS_DATA_AI
VKU220721,3.78,4.0,3.6,2.81,2.84,3.25,2.27,2.87,3.18,4.0,4.1,3.0,2.8,2.8,4.2,SE_FULLSTACK
VKU220415,4.0,3.73,2.44,3.35,2.96,3.07,2.85,4.0,3.3,4.6,4.0,3.3,3.4,3.0,3.7,SE_FULLSTACK
VKU220238,3.95,3.95,3.37,2.95,3.34,2.84,3.08,2.77,3.28,3.7,4.7,2.6,1.7,3.2,3.9,CS_DATA_AI
VKU221473,2.63,3.32,3.66,3.4,2.88,3.68,3.31,3.18,3.26,4.8,4.5,2.8,2.1,2.5,4.1,CYBER_SECURITY
VKU221336,3.38,3.34,2.7,2.95,2.39,4.0,3.45,2.42,3.08,4.9,4.7,1.8,2.2,3.5,4.5,CYBER_SECURITY
VKU221064,3.35,2.61,3.05,2.33,3.2,4.0,3.85,2.98,3.17,5.0,4.4,2.1,3.2,2.5,4.7,DEVOPS_CLOUD
VKU220024,3.42,3.87,4.0,4.0,3.17,2.51,3.69,3.03,3.46,3.9,4.6,2.6,2.4,2.9,3.1,CS_DATA_AI
VKU221767,2.97,4.0,3.12,3.27,3.49,2.58,1.87,2.77,3.01,3.8,3.9,3.4,2.9,4.3,5.0,DATA_ANALYTICS
VKU220064,4.0,3.07,3.31,3.21,3.33,3.07,2.74,3.18,3.24,4.0,4.9,1.7,2.0,2.3,3.4,CS_DATA_AI
VKU220290,3.65,3.82,3.68,4.0,3.89,3.05,2.92,3.11,3.51,3.6,4.7,1.8,2.8,2.7,3.6,CS_DATA_AI
VKU220189,3.74,3.31,3.96,3.5,3.17,2.68,3.1,3.4,3.36,3.2,4.1,1.6,3.0,2.7,3.0,CS_DATA_AI
VKU220702,3.79,3.81,3.2,3.39,4.0,3.01,3.15,2.88,3.4,4.3,3.8,2.8,2.4,2.6,4.3,SE_FULLSTACK
VKU221815,3.16,3.17,2.89,3.26,4.0,2.86,2.64,2.01,3.0,1.9,4.6,2.5,3.3,5.0,5.0,DATA_ANALYTICS
VKU221138,3.03,2.77,3.01,3.53,3.1,3.33,3.6,2.47,3.1,4.8,4.1,1.9,2.1,2.3,3.7,DEVOPS_CLOUD
VKU220355,3.99,2.7,3.5,3.31,3.36,3.03,3.09,3.35,3.29,3.7,4.7,1.8,2.0,2.9,3.3,CS_DATA_AI
VKU220417,2.49,3.38,2.93,2.47,2.8,3.03,2.65,4.0,2.97,2.9,4.1,4.1,2.5,2.5,4.1,SE_FULLSTACK
VKU221246,2.95,3.65,3.73,4.0,2.64,4.0,3.4,2.82,3.4,4.1,4.5,1.0,2.6,2.6,5.0,CYBER_SECURITY
VKU220931,2.41,3.3,1.81,3.1,3.23,3.01,3.82,3.33,3.0,4.7,3.8,2.1,3.1,2.5,4.5,DEVOPS_CLOUD
VKU220197,3.8,3.13,4.0,3.31,3.49,2.61,3.67,2.83,3.35,2.9,4.9,1.3,2.4,1.7,3.4,CS_DATA_AI
VKU220580,3.54,3.27,2.57,3.13,3.91,3.42,3.03,3.76,3.33,4.5,3.5,3.4,2.6,3.5,4.1,SE_FULLSTACK
VKU221135,3.09,3.49,3.08,2.7,2.85,3.09,4.0,3.38,3.21,4.7,3.5,1.9,2.3,2.6,4.6,DEVOPS_CLOUD
VKU221814,3.52,2.73,3.07,3.85,4.0,2.28,2.72,2.76,3.12,2.3,3.7,2.0,3.5,4.1,4.6,DATA_ANALYTICS
VKU221935,3.21,2.47,3.09,2.98,4.0,2.22,2.33,2.32,2.83,3.6,4.7,3.0,3.2,3.9,4.6,DATA_ANALYTICS
VKU220434,3.4,3.56,2.94,3.02,4.0,3.08,2.66,4.0,3.33,4.3,4.5,3.4,2.7,4.0,2.9,SE_FULLSTACK
VKU220101,4.0,3.43,2.62,4.0,3.48,2.19,2.76,3.64,3.27,4.1,5.0,1.9,1.7,2.9,3.9,CS_DATA_AI
VKU221655,3.67,3.04,2.57,3.74,3.17,2.64,2.86,3.31,3.12,2.7,4.8,2.3,3.8,3.9,4.2,DATA_ANALYTICS
VKU220395,3.07,3.85,3.91,4.0,3.31,2.67,2.78,2.82,3.3,3.8,5.0,2.4,3.0,2.3,4.0,CS_DATA_AI
VKU221939,2.88,2.99,4.0,3.43,3.71,3.01,2.76,2.67,3.18,2.2,4.0,3.1,3.2,4.6,4.4,DATA_ANALYTICS
VKU220221,3.83,3.74,4.0,3.48,3.61,2.8,2.79,2.94,3.4,3.4,5.0,1.2,1.9,2.2,2.9,CS_DATA_AI
VKU221676,3.34,3.43,2.94,3.57,3.93,2.34,2.2,3.32,3.13,2.6,4.4,2.5,2.5,3.9,3.7,DATA_ANALYTICS
VKU221498,3.22,3.58,3.51,3.25,2.94,3.5,4.0,2.89,3.36,4.6,4.8,2.0,2.2,2.8,4.8,CYBER_SECURITY
VKU221785,3.49,2.69,2.77,3.22,4.0,2.52,3.15,2.22,3.01,2.3,3.6,3.4,2.8,3.9,4.0,DATA_ANALYTICS
VKU220345,3.59,3.2,4.0,3.13,3.7,2.94,2.6,3.21,3.3,3.2,4.4,2.4,2.0,3.3,4.1,CS_DATA_AI
VKU221028,3.02,2.45,2.11,2.56,3.19,3.61,4.0,2.85,2.97,4.5,4.7,1.9,2.3,2.4,4.0,DEVOPS_CLOUD
VKU220889,3.54,3.37,2.85,2.84,3.62,3.57,3.57,3.02,3.3,4.3,4.2,1.2,2.5,2.8,3.6,DEVOPS_CLOUD
VKU221351,2.94,3.39,2.99,3.49,3.39,4.0,2.95,2.42,3.2,4.6,4.8,1.0,1.8,2.9,3.8,CYBER_SECURITY
VKU220553,3.31,3.58,3.21,3.21,3.3,3.67,3.34,4.0,3.45,3.9,4.3,2.8,3.8,3.2,4.3,SE_FULLSTACK
VKU220744,3.49,3.69,3.26,3.35,3.96,2.58,3.1,3.36,3.35,3.8,4.5,3.2,2.4,3.8,4.0,SE_FULLSTACK
VKU221542,3.35,3.09,3.26,3.62,3.3,3.37,2.96,3.08,3.25,3.9,4.9,1.6,1.0,2.9,4.7,CYBER_SECURITY
VKU220539,3.04,3.3,2.5,2.93,3.56,3.18,3.02,3.74,3.16,3.9,3.7,2.8,3.1,3.4,3.6,SE_FULLSTACK
VKU220907,3.04,3.26,2.49,3.32,3.48,3.44,3.53,3.61,3.27,5.0,3.5,1.8,3.0,3.1,4.3,DEVOPS_CLOUD
VKU221395,3.64,3.65,2.94,2.74,2.89,4.0,3.65,2.45,3.25,4.0,4.4,1.3,2.5,1.7,4.3,CYBER_SECURITY
VKU220116,3.89,3.28,3.65,3.97,3.3,3.03,3.24,4.0,3.54,3.9,4.5,2.7,2.6,2.7,3.1,CS_DATA_AI
VKU220830,3.26,3.76,2.69,3.23,3.32,3.37,4.0,3.54,3.4,4.9,3.7,1.8,2.5,2.5,5.0,DEVOPS_CLOUD
VKU221938,3.7,3.51,2.84,3.79,3.66,2.05,2.94,2.66,3.14,3.0,4.0,3.2,3.2,4.2,4.6,DATA_ANALYTICS
VKU220809,3.08,3.06,2.84,2.45,3.46,3.85,3.51,3.77,3.25,4.7,3.6,2.5,2.9,2.9,5.0,DEVOPS_CLOUD
VKU221311,3.48,3.48,3.69,2.4,3.04,3.63,3.62,3.14,3.31,4.4,5.0,1.5,1.3,1.9,4.0,CYBER_SECURITY
VKU221005,3.14,3.16,2.82,2.35,3.34,4.0,3.41,2.76,3.12,4.5,4.0,2.3,2.3,3.0,5.0,DEVOPS_CLOUD
VKU220306,4.0,3.7,4.0,3.05,3.12,3.0,2.62,2.99,3.31,3.6,3.3,2.4,2.8,1.8,3.5,CS_DATA_AI
VKU221101,3.27,3.02,2.97,2.8,3.55,3.49,4.0,2.34,3.18,4.9,4.2,2.7,2.3,2.4,4.8,DEVOPS_CLOUD
VKU220480,2.54,3.49,2.97,2.71,4.0,2.69,2.86,3.72,3.12,4.5,4.4,3.2,3.5,2.2,4.3,SE_FULLSTACK
VKU221424,3.41,3.56,3.96,3.48,3.25,3.89,3.67,3.24,3.56,4.6,4.9,1.7,1.7,2.3,3.7,CYBER_SECURITY
VKU221076,3.06,2.51,2.98,3.0,3.78,4.0,3.44,3.12,3.24,4.2,3.6,1.0,2.2,3.1,3.9,DEVOPS_CLOUD
VKU220571,2.98,3.73,2.87,2.6,3.4,3.29,3.56,3.8,3.28,4.0,4.2,2.4,1.7,2.9,4.1,SE_FULLSTACK
VKU220619,4.0,3.95,2.49,2.73,3.42,1.99,3.76,3.82,3.27,4.1,4.4,3.6,2.8,3.7,3.6,SE_FULLSTACK
VKU221898,3.07,3.07,2.66,3.78,3.17,2.74,2.84,2.85,3.02,2.3,3.5,3.1,2.8,3.3,5.0,DATA_ANALYTICS
VKU221266,3.63,3.51,2.92,3.37,3.33,4.0,3.77,2.94,3.43,4.4,4.8,1.1,2.8,3.2,4.6,CYBER_SECURITY
VKU220079,3.92,3.22,3.49,3.44,2.45,3.11,3.02,3.28,3.24,3.1,4.4,2.6,1.8,2.7,2.9,CS_DATA_AI
VKU221912,3.3,2.85,2.43,4.0,3.74,2.12,2.65,2.58,2.96,2.4,4.3,2.5,3.8,5.0,5.0,DATA_ANALYTICS
VKU220033,3.15,3.05,3.41,3.17,2.36,2.78,2.85,3.49,3.03,3.8,4.8,2.7,2.5,2.0,3.6,CS_DATA_AI
VKU221538,3.38,4.0,3.52,2.37,3.25,3.63,3.31,2.75,3.28,4.2,4.0,1.9,2.0,3.0,3.9,CYBER_SECURITY
VKU221034,3.53,3.6,3.1,3.35,3.62,4.0,3.8,2.82,3.48,4.9,3.1,1.1,2.8,2.5,4.6,DEVOPS_CLOUD
VKU221563,3.2,3.82,4.0,3.06,2.25,3.95,3.8,2.93,3.38,4.4,4.4,1.2,2.3,2.5,3.4,CYBER_SECURITY
VKU220352,3.47,2.78,3.2,3.56,3.49,2.33,3.66,3.06,3.19,3.6,4.5,2.1,2.7,3.2,3.7,CS_DATA_AI
VKU220164,3.87,3.28,3.54,3.64,3.27,2.12,3.1,2.57,3.17,3.3,4.2,2.5,2.9,2.3,3.5,CS_DATA_AI
VKU220204,3.99,3.29,2.96,3.89,3.31,3.3,3.41,3.12,3.41,4.6,4.7,2.5,2.4,2.5,2.7,CS_DATA_AI
VKU221054,3.23,2.92,2.92,2.72,3.32,3.28,3.74,2.95,3.13,5.0,3.6,1.5,2.5,3.1,4.5,DEVOPS_CLOUD
VKU221365,3.19,2.81,3.78,3.81,3.28,3.39,4.0,2.72,3.37,3.8,4.8,2.2,2.4,2.9,4.2,CYBER_SECURITY
VKU221967,3.36,2.83,3.21,4.0,3.08,2.47,2.16,3.05,3.02,2.3,3.4,2.7,3.9,3.8,4.2,DATA_ANALYTICS
VKU220496,2.91,3.35,2.56,2.76,3.0,3.89,3.16,3.77,3.17,3.5,3.9,3.8,2.8,2.1,4.0,SE_FULLSTACK
VKU221625,2.65,2.84,3.12,3.6,3.55,2.38,3.08,2.04,2.91,3.2,3.7,2.7,3.5,4.5,4.1,DATA_ANALYTICS
VKU221966,2.84,2.58,2.95,3.47,3.47,2.98,2.29,2.18,2.85,3.0,3.4,2.5,2.7,4.5,4.0,DATA_ANALYTICS
VKU221963,3.5,2.29,3.06,3.1,3.11,1.98,2.16,3.0,2.77,2.4,5.0,3.5,3.2,4.3,4.3,DATA_ANALYTICS
VKU220611,3.6,3.78,2.91,3.06,3.82,3.23,3.22,4.0,3.45,4.3,3.8,2.7,2.9,3.3,3.9,SE_FULLSTACK
VKU220433,3.79,3.62,2.84,3.26,3.6,2.64,3.14,3.13,3.25,4.2,3.8,3.2,2.7,3.3,3.6,SE_FULLSTACK
VKU221492,2.99,3.77,3.55,4.0,3.13,4.0,4.0,3.17,3.58,4.9,5.0,2.2,1.9,2.4,4.0,CYBER_SECURITY
VKU220219,3.81,2.79,3.05,3.82,3.34,3.38,2.94,3.02,3.27,3.8,4.8,2.5,2.2,3.0,4.0,CS_DATA_AI
VKU221931,2.71,3.41,3.54,3.36,3.51,3.0,2.32,2.32,3.02,2.2,4.3,2.6,3.9,3.8,4.7,DATA_ANALYTICS
VKU221466,3.34,3.3,3.77,3.16,2.89,3.96,4.0,2.02,3.3,3.7,4.5,2.1,2.2,2.8,5.0,CYBER_SECURITY
VKU220631,3.83,3.68,3.09,2.96,3.96,3.36,3.08,3.86,3.48,4.6,4.3,3.0,3.5,2.0,4.0,SE_FULLSTACK
VKU221382,3.23,3.23,2.92,3.26,3.37,2.85,3.78,3.43,3.26,3.9,4.2,1.6,2.0,3.0,4.2,CYBER_SECURITY
VKU221302,3.98,3.74,3.24,3.24,2.67,3.82,3.43,3.11,3.4,5.0,4.8,1.5,1.9,2.0,4.2,CYBER_SECURITY
VKU220060,4.0,3.84,3.61,3.68,3.11,2.98,2.71,3.05,3.37,3.3,4.6,3.3,2.6,2.9,4.0,CS_DATA_AI
VKU220299,3.5,3.67,3.52,3.53,3.18,2.79,2.41,2.93,3.19,4.0,4.2,2.4,2.0,2.5,3.2,CS_DATA_AI
VKU221711,2.18,2.78,2.69,3.51,4.0,1.9,3.1,2.8,2.87,1.5,4.0,3.1,3.2,4.5,5.0,DATA_ANALYTICS
VKU220074,3.3,3.59,3.85,3.77,3.76,2.89,2.7,2.88,3.34,4.3,4.2,2.4,2.9,2.2,4.2,CS_DATA_AI
VKU220163,3.41,3.03,3.48,3.81,3.27,3.14,2.96,2.4,3.19,3.4,5.0,2.6,2.9,2.7,3.1,CS_DATA_AI
VKU221275,2.39,3.77,3.58,2.82,2.63,3.84,3.58,3.39,3.25,4.0,5.0,1.9,1.7,2.6,3.5,CYBER_SECURITY
VKU221594,4.0,3.58,3.03,4.0,3.33,4.0,2.84,2.95,3.47,5.0,5.0,1.8,2.1,2.3,4.4,CYBER_SECURITY
VKU221434,3.06,3.7,3.9,3.38,2.53,4.0,3.56,3.14,3.41,4.8,3.9,1.6,2.3,2.2,4.7,CYBER_SECURITY
VKU221613,3.28,2.07,2.77,3.56,3.91,2.22,2.54,3.06,2.93,2.9,2.8,2.9,3.4,4.3,4.3,DATA_ANALYTICS
VKU220592,4.0,3.85,2.72,2.88,3.78,3.28,4.0,3.34,3.48,4.4,3.5,3.4,3.1,3.2,3.2,SE_FULLSTACK
VKU220317,2.94,3.46,3.77,3.39,3.03,2.64,2.21,3.22,3.08,3.3,4.3,1.5,1.9,2.1,3.9,CS_DATA_AI
VKU220046,3.61,3.53,4.0,3.77,3.49,2.82,3.06,3.24,3.44,3.6,4.7,1.4,2.8,2.4,3.6,CS_DATA_AI
VKU221720,3.52,3.63,2.6,3.31,4.0,3.17,2.33,2.76,3.17,3.0,3.9,3.3,3.4,4.3,4.3,DATA_ANALYTICS
VKU221832,2.92,2.84,2.46,3.59,3.82,2.47,2.37,2.4,2.86,2.2,4.0,2.6,3.5,3.9,4.7,DATA_ANALYTICS
VKU220428,3.89,3.64,2.24,2.4,3.4,2.94,3.15,3.65,3.16,3.7,3.6,2.5,3.2,3.6,3.7,SE_FULLSTACK
VKU220582,3.21,3.4,3.06,3.24,3.13,3.15,2.53,4.0,3.21,3.7,3.9,3.5,3.0,2.5,3.6,SE_FULLSTACK
VKU220077,3.38,3.04,3.77,4.0,3.28,3.59,3.11,2.62,3.35,4.1,5.0,3.0,2.7,2.3,2.9,CS_DATA_AI
VKU221917,2.87,3.26,2.87,2.39,3.79,2.61,2.68,2.53,2.88,3.7,3.8,2.5,3.5,3.8,4.1,DATA_ANALYTICS
VKU221415,3.11,3.49,3.24,3.97,3.49,3.72,2.9,2.65,3.32,5.0,4.0,1.5,2.1,2.1,4.9,CYBER_SECURITY
VKU220781,3.35,3.88,3.19,2.37,3.1,3.62,3.15,3.74,3.3,4.1,2.8,3.8,2.6,3.4,4.6,SE_FULLSTACK
VKU221920,3.43,2.96,2.78,3.68,3.81,2.06,3.25,2.51,3.06,2.3,3.5,3.2,2.8,4.6,4.8,DATA_ANALYTICS
VKU221174,2.93,3.48,2.29,2.91,3.24,3.3,3.79,3.44,3.17,4.6,3.8,1.0,2.7,2.8,4.8,DEVOPS_CLOUD
VKU221320,3.47,3.23,3.24,3.08,2.88,3.48,3.31,2.9,3.2,4.0,5.0,1.2,2.6,2.4,4.6,CYBER_SECURITY
VKU220938,3.23,2.8,2.86,2.87,2.77,3.24,3.26,2.88,2.99,5.0,3.9,1.7,3.5,2.6,4.8,DEVOPS_CLOUD
VKU220031,3.51,3.16,3.76,3.38,3.44,3.46,2.38,3.62,3.34,3.9,4.1,3.3,2.5,2.6,3.8,CS_DATA_AI
VKU221092,3.09,3.1,2.63,3.14,3.3,3.33,4.0,2.52,3.14,3.8,3.9,2.2,2.5,3.3,4.4,DEVOPS_CLOUD
VKU221616,3.38,3.06,2.25,4.0,3.87,2.7,2.69,3.21,3.15,2.5,4.4,2.6,3.8,4.3,4.8,DATA_ANALYTICS
VKU221230,3.3,3.94,3.89,3.36,3.56,4.0,4.0,2.88,3.62,5.0,4.1,1.2,2.1,3.0,3.7,CYBER_SECURITY
VKU220975,3.59,2.82,2.45,2.48,2.82,4.0,4.0,3.01,3.15,4.0,4.2,2.1,2.8,2.4,4.5,DEVOPS_CLOUD
VKU221085,3.41,2.84,3.61,2.31,4.0,3.91,4.0,3.1,3.4,4.4,3.7,1.2,2.9,2.2,4.7,DEVOPS_CLOUD
VKU220515,3.54,2.91,3.22,3.05,3.86,2.94,3.34,4.0,3.36,4.1,3.3,3.8,2.9,3.3,3.6,SE_FULLSTACK
VKU221551,3.61,3.68,3.33,3.22,3.01,3.68,3.64,2.62,3.35,4.6,4.6,2.0,2.0,2.5,4.3,CYBER_SECURITY
VKU221568,3.19,2.83,3.04,3.23,3.58,3.94,4.0,3.52,3.42,4.2,4.7,2.1,1.2,2.3,4.2,CYBER_SECURITY
VKU221811,3.62,2.72,2.92,2.97,3.87,2.51,2.33,2.62,2.95,3.3,3.7,2.4,3.4,4.9,4.6,DATA_ANALYTICS
VKU221574,3.32,3.67,2.84,3.11,2.28,3.87,3.41,2.61,3.14,4.7,4.3,2.0,1.8,2.6,4.8,CYBER_SECURITY
VKU220045,3.93,3.65,3.68,4.0,3.07,2.97,2.87,2.81,3.37,4.0,4.8,2.1,2.4,3.0,2.8,CS_DATA_AI
VKU221687,2.76,3.26,2.42,3.94,3.58,2.68,2.42,2.62,2.96,2.6,4.6,3.0,3.7,4.1,3.8,DATA_ANALYTICS
VKU220169,4.0,2.95,3.64,3.53,3.43,2.28,2.92,3.01,3.22,3.7,4.0,1.9,2.0,2.3,3.5,CS_DATA_AI
VKU220304,3.62,3.71,3.41,3.24,3.37,2.72,2.61,3.32,3.25,2.7,4.2,2.6,2.0,2.8,3.1,CS_DATA_AI
VKU220991,3.65,2.29,2.66,2.32,3.28,3.62,3.75,3.13,3.09,4.3,3.8,1.6,2.1,2.3,4.6,DEVOPS_CLOUD
VKU220556,3.69,3.13,3.12,2.93,4.0,3.26,3.37,4.0,3.44,4.8,3.5,4.3,2.6,2.4,3.3,SE_FULLSTACK
VKU221925,2.63,2.59,3.65,3.07,4.0,3.1,2.88,2.28,3.02,2.2,4.5,2.8,3.6,4.2,4.7,DATA_ANALYTICS
VKU220608,3.13,3.42,3.35,3.45,3.0,2.97,3.64,4.0,3.37,4.6,3.8,2.9,3.5,3.2,4.1,SE_FULLSTACK
VKU221619,3.51,3.0,2.3,2.58,3.33,3.08,2.93,2.58,2.91,3.0,4.2,2.8,4.0,4.5,4.3,DATA_ANALYTICS
VKU220758,3.59,4.0,3.53,2.84,2.92,3.11,2.66,3.77,3.3,4.5,3.9,2.9,2.4,3.4,3.8,SE_FULLSTACK
VKU220439,4.0,3.83,2.8,2.53,3.55,3.18,3.63,3.65,3.4,3.9,4.6,3.7,2.6,3.4,3.7,SE_FULLSTACK
VKU220583,3.3,3.83,3.92,2.5,2.47,2.6,3.47,3.72,3.23,4.0,3.4,3.3,2.5,2.5,3.5,SE_FULLSTACK
VKU221519,3.46,3.43,2.55,3.4,2.38,3.93,3.6,2.93,3.21,4.5,5.0,1.8,2.1,2.5,4.3,CYBER_SECURITY
VKU220528,4.0,4.0,3.3,3.18,3.17,3.2,3.08,4.0,3.49,3.4,4.0,3.0,2.2,3.5,3.8,SE_FULLSTACK
VKU220343,3.7,4.0,3.34,3.87,3.78,3.11,3.04,3.39,3.53,2.9,4.9,1.3,1.8,2.4,3.0,CS_DATA_AI
VKU221737,3.01,2.73,2.2,3.52,3.6,2.56,3.14,2.33,2.89,2.4,4.3,3.2,2.9,4.5,4.1,DATA_ANALYTICS
VKU220368,3.92,3.31,3.03,4.0,3.49,2.8,2.8,2.34,3.21,4.4,4.2,1.9,2.1,2.6,3.4,CS_DATA_AI
VKU220186,3.64,4.0,3.6,3.69,3.02,3.09,3.46,3.56,3.51,3.9,4.1,2.1,1.8,2.2,2.6,CS_DATA_AI
VKU221117,3.5,2.64,2.8,2.87,3.97,3.78,3.74,3.73,3.38,5.0,3.6,1.5,1.5,2.3,4.0,DEVOPS_CLOUD
VKU221755,2.81,1.99,2.7,3.66,4.0,2.53,3.09,2.35,2.89,3.1,3.7,2.6,3.0,4.3,4.9,DATA_ANALYTICS
VKU221426,3.16,3.9,4.0,3.73,2.84,4.0,3.85,2.88,3.54,4.5,4.8,2.1,2.1,3.8,3.9,CYBER_SECURITY
VKU220301,3.55,3.13,4.0,3.98,4.0,3.53,3.54,2.83,3.57,3.4,3.9,2.3,2.2,3.4,3.5,CS_DATA_AI
VKU221904,4.0,3.09,3.57,3.71,3.88,2.76,2.77,2.79,3.32,3.0,4.0,3.1,4.2,4.4,4.7,DATA_ANALYTICS
VKU220833,3.63,3.27,3.63,2.83,4.0,3.75,3.96,2.61,3.46,4.8,3.9,1.8,1.6,2.4,4.8,DEVOPS_CLOUD
VKU220544,3.38,3.71,2.61,3.08,3.18,3.04,3.05,3.83,3.24,4.6,2.6,3.3,2.2,3.0,3.1,SE_FULLSTACK
VKU221601,3.25,2.54,3.25,3.88,4.0,2.59,2.44,2.6,3.07,2.7,3.9,2.2,4.1,3.6,5.0,DATA_ANALYTICS
VKU220351,3.37,3.29,3.32,4.0,3.31,2.21,3.11,3.27,3.23,4.4,4.3,2.5,2.7,2.2,3.8,CS_DATA_AI
VKU221933,3.33,3.3,2.77,3.08,4.0,2.34,2.69,2.83,3.04,2.3,4.2,3.3,3.4,4.6,4.4,DATA_ANALYTICS
VKU221511,3.3,3.13,3.13,2.87,3.4,4.0,3.36,2.78,3.25,4.2,4.2,2.4,2.0,2.9,4.9,CYBER_SECURITY
VKU220979,3.95,3.3,3.03,2.87,3.47,3.23,3.47,3.28,3.33,4.5,3.4,2.0,2.6,2.7,4.0,DEVOPS_CLOUD
VKU220176,3.41,3.16,3.39,3.63,3.37,2.44,2.69,3.58,3.21,3.2,5.0,1.7,2.4,1.8,3.9,CS_DATA_AI
VKU220483,4.0,3.12,3.41,3.5,3.24,2.7,2.4,4.0,3.3,4.7,4.0,3.9,3.6,2.3,4.2,SE_FULLSTACK
VKU221413,2.62,3.27,3.42,3.3,3.02,3.35,4.0,2.44,3.18,4.6,4.6,1.1,2.0,3.2,3.8,CYBER_SECURITY
VKU221611,3.21,2.51,2.32,3.46,4.0,2.83,2.89,3.03,3.03,2.6,4.0,1.9,3.2,3.9,4.6,DATA_ANALYTICS
VKU220124,3.61,3.15,3.8,4.0,3.26,3.07,2.9,3.15,3.37,4.1,4.3,2.5,3.0,2.0,3.1,CS_DATA_AI
VKU220600,3.78,4.0,3.19,2.85,3.27,2.92,3.06,4.0,3.38,4.7,3.5,3.1,3.2,3.0,2.9,SE_FULLSTACK
VKU221795,3.18,2.26,3.68,3.14,3.55,2.84,2.95,2.77,3.05,2.3,4.5,2.8,3.4,4.3,4.4,DATA_ANALYTICS
VKU221746,2.71,2.68,3.11,3.39,3.99,2.75,2.82,2.77,3.03,3.7,4.2,3.1,3.3,4.6,4.0,DATA_ANALYTICS
VKU221379,3.13,2.65,2.88,2.62,1.66,4.0,3.72,2.46,2.89,4.3,4.5,2.5,1.8,3.0,4.1,CYBER_SECURITY
VKU221186,2.6,3.52,2.62,3.17,3.65,3.74,2.89,2.7,3.11,4.5,3.8,1.2,2.2,2.8,4.4,DEVOPS_CLOUD
VKU220486,2.64,3.52,2.37,2.89,3.7,3.49,2.77,3.7,3.13,4.5,4.0,3.2,3.1,3.4,4.3,SE_FULLSTACK
VKU220332,3.47,3.61,2.83,3.83,3.08,3.18,3.1,2.35,3.18,4.1,4.8,2.1,1.9,3.4,3.1,CS_DATA_AI
VKU220789,2.88,3.8,2.54,3.11,3.73,2.95,3.03,3.46,3.19,3.8,4.5,3.5,3.0,2.2,3.0,SE_FULLSTACK
VKU220195,3.73,3.93,3.36,4.0,3.49,2.95,3.18,2.81,3.43,3.5,4.3,2.2,2.3,3.1,3.6,CS_DATA_AI
VKU220638,3.37,3.36,3.28,3.43,3.93,2.49,3.82,3.46,3.39,3.7,5.0,3.5,3.1,3.2,4.0,SE_FULLSTACK
VKU220472,3.07,3.36,2.7,3.61,3.4,2.86,3.08,3.31,3.17,3.9,3.8,2.6,3.1,3.1,3.8,SE_FULLSTACK
VKU221714,3.03,3.04,2.47,3.85,3.78,3.28,3.12,2.3,3.11,2.1,4.3,3.0,2.7,4.6,4.0,DATA_ANALYTICS
VKU220323,3.66,3.14,3.33,3.35,3.52,2.93,3.56,3.08,3.32,3.8,5.0,2.0,2.9,3.0,4.1,CS_DATA_AI
VKU221197,3.2,2.91,2.75,2.23,3.67,4.0,4.0,3.5,3.28,4.4,4.1,1.4,2.3,3.0,4.1,DEVOPS_CLOUD
VKU220267,3.76,3.41,3.52,3.42,3.41,2.36,3.07,2.85,3.22,3.2,4.5,2.5,2.1,3.0,3.2,CS_DATA_AI
VKU221544,2.84,3.67,3.35,3.3,2.71,4.0,4.0,3.14,3.38,4.6,4.4,1.7,2.2,3.2,4.6,CYBER_SECURITY
VKU221804,3.15,2.78,2.99,3.55,3.89,2.74,2.58,2.93,3.08,2.8,4.3,3.1,3.0,3.6,5.0,DATA_ANALYTICS
VKU220068,3.77,4.0,3.46,4.0,3.72,2.69,2.99,2.24,3.36,4.6,5.0,2.4,1.9,3.0,3.3,CS_DATA_AI
VKU221738,3.23,2.47,2.51,3.12,4.0,2.41,3.16,2.47,2.92,2.8,3.6,3.2,3.7,4.1,3.6,DATA_ANALYTICS
VKU221593,2.72,3.17,3.2,2.84,2.64,4.0,4.0,3.38,3.24,3.6,5.0,1.9,1.8,2.1,4.2,CYBER_SECURITY
VKU221564,3.22,3.13,3.11,3.41,2.82,3.26,4.0,2.04,3.12,3.6,4.1,1.8,1.7,2.5,4.4,CYBER_SECURITY
VKU220481,3.9,3.33,3.14,2.78,3.02,2.42,2.93,4.0,3.19,3.8,4.2,3.1,2.8,3.3,3.5,SE_FULLSTACK
VKU221757,3.24,3.13,2.64,3.43,4.0,2.15,2.62,2.91,3.02,2.7,4.7,2.6,3.8,4.2,4.3,DATA_ANALYTICS
VKU221913,2.97,1.76,3.21,3.95,3.63,2.6,1.75,3.14,2.88,2.2,3.7,1.8,2.8,4.6,4.0,DATA_ANALYTICS
VKU221441,2.97,3.46,3.03,3.68,3.38,3.53,3.86,3.19,3.39,4.5,4.9,1.0,2.3,3.0,4.6,CYBER_SECURITY
VKU221461,3.73,3.2,3.0,3.55,3.03,3.6,3.83,2.82,3.35,5.0,4.4,1.8,1.7,2.6,4.3,CYBER_SECURITY
VKU220888,2.74,3.55,2.56,2.58,3.26,3.68,3.96,3.51,3.23,5.0,3.9,1.9,2.2,2.4,4.8,DEVOPS_CLOUD
VKU220423,3.24,3.31,2.42,3.52,3.87,2.4,2.66,4.0,3.18,4.0,4.0,3.1,3.2,2.9,4.3,SE_FULLSTACK
VKU221675,3.24,3.24,2.75,4.0,3.61,2.68,2.36,2.71,3.07,3.1,5.0,2.9,3.8,4.6,4.0,DATA_ANALYTICS
VKU221450,2.93,3.06,3.79,3.55,3.05,3.56,4.0,2.43,3.3,4.9,5.0,1.8,2.3,2.6,4.4,CYBER_SECURITY
VKU220765,3.64,2.76,3.08,1.83,3.58,2.64,3.62,3.71,3.11,5.0,4.2,4.0,3.2,3.4,3.1,SE_FULLSTACK
VKU220520,3.77,4.0,2.84,3.11,2.98,3.3,2.86,4.0,3.36,4.3,3.8,3.4,3.0,2.5,4.1,SE_FULLSTACK
VKU221432,3.17,3.94,3.19,3.36,2.57,3.31,3.55,3.01,3.26,4.1,4.6,1.6,3.1,2.2,4.2,CYBER_SECURITY
VKU220614,3.77,2.92,3.31,3.21,2.7,3.3,3.59,3.29,3.26,4.3,3.7,3.0,2.5,3.0,4.1,SE_FULLSTACK
VKU221531,3.61,2.85,3.2,3.51,2.63,3.73,3.93,2.72,3.27,3.9,4.9,2.0,1.9,2.5,4.3,CYBER_SECURITY
VKU221783,3.68,2.87,2.94,4.0,4.0,3.46,2.56,2.71,3.28,2.4,3.9,2.5,2.9,4.1,3.9,DATA_ANALYTICS
VKU221659,3.48,3.05,2.55,3.76,3.99,2.78,3.2,3.52,3.29,2.1,3.8,3.0,3.6,4.1,4.9,DATA_ANALYTICS
VKU220454,3.3,3.73,2.77,2.55,3.8,3.61,2.75,3.39,3.24,4.2,3.4,3.6,3.2,2.8,3.2,SE_FULLSTACK
VKU220731,3.11,3.84,2.59,2.69,3.35,3.01,4.0,3.94,3.32,4.9,3.7,3.6,3.3,3.7,3.8,SE_FULLSTACK
VKU220535,3.59,3.61,3.02,3.27,3.13,2.72,3.47,4.0,3.35,4.9,3.8,3.9,2.3,2.9,4.2,SE_FULLSTACK
VKU220966,2.95,3.63,2.28,2.97,3.15,3.58,3.96,3.15,3.21,4.9,3.8,1.5,2.5,2.4,4.0,DEVOPS_CLOUD
VKU221285,2.62,3.53,3.47,3.01,2.8,3.3,3.64,2.83,3.15,4.9,4.3,2.9,2.5,1.7,4.8,CYBER_SECURITY
VKU221740,3.46,2.4,3.11,3.66,3.85,2.17,2.53,2.59,2.97,2.7,4.0,2.7,2.8,4.1,5.0,DATA_ANALYTICS
VKU220262,3.7,3.59,2.97,3.58,3.97,2.3,2.94,3.58,3.33,3.4,4.4,2.5,2.4,2.7,3.1,CS_DATA_AI
VKU220536,3.51,3.34,2.99,3.12,3.4,2.94,3.48,4.0,3.35,4.2,4.2,3.8,3.6,2.8,3.6,SE_FULLSTACK
VKU220969,3.06,3.26,2.74,2.58,3.52,2.76,3.3,2.65,2.98,4.9,4.5,2.1,2.7,3.8,4.3,DEVOPS_CLOUD
VKU220241,3.82,3.33,3.23,4.0,3.01,2.37,2.63,3.1,3.19,4.1,4.9,2.0,1.9,2.1,3.3,CS_DATA_AI
VKU220820,3.33,3.02,2.54,3.22,3.45,3.76,3.57,3.13,3.25,4.6,3.4,1.2,2.4,2.7,4.2,DEVOPS_CLOUD
VKU220693,3.98,3.24,3.15,2.6,2.66,3.22,3.37,3.78,3.25,3.7,5.0,3.7,3.0,2.9,3.7,SE_FULLSTACK
VKU220421,3.38,4.0,3.61,2.2,4.0,3.29,2.78,4.0,3.41,4.2,4.5,2.5,3.0,2.5,3.8,SE_FULLSTACK
VKU221086,3.09,3.18,2.63,2.97,2.59,3.82,3.46,2.98,3.09,4.5,3.9,1.3,3.4,2.1,4.2,DEVOPS_CLOUD
VKU221999,3.66,2.76,3.24,3.87,3.56,2.59,2.49,2.74,3.11,2.8,3.7,2.8,4.0,3.5,4.7,DATA_ANALYTICS
VKU220366,3.94,3.68,3.58,3.5,2.72,2.7,3.28,2.92,3.29,4.2,3.8,1.7,3.1,2.5,3.2,CS_DATA_AI
VKU221023,2.84,2.77,3.11,2.47,3.53,3.41,3.65,2.72,3.06,4.6,4.5,1.7,3.0,3.1,4.4,DEVOPS_CLOUD
VKU221241,2.27,3.05,3.13,2.98,2.97,3.96,3.2,2.77,3.04,4.5,4.2,2.3,1.6,2.3,4.6,CYBER_SECURITY
VKU220589,3.64,3.63,3.04,3.15,3.85,3.26,3.39,4.0,3.5,4.5,3.6,2.9,3.1,2.5,3.6,SE_FULLSTACK
VKU220737,3.16,3.02,2.65,3.33,3.1,3.11,2.51,2.7,2.95,4.2,3.7,3.0,3.3,3.1,3.5,SE_FULLSTACK
VKU221762,3.72,2.55,3.01,2.95,3.45,2.6,3.02,3.2,3.06,3.9,4.3,2.9,3.2,4.1,5.0,DATA_ANALYTICS
VKU220942,2.68,2.96,3.18,2.94,2.53,3.5,3.19,3.46,3.06,4.9,3.7,2.0,1.7,2.5,4.9,DEVOPS_CLOUD
VKU220072,3.25,3.48,4.0,3.85,3.38,2.48,2.24,3.44,3.26,3.9,4.8,2.1,2.4,2.9,3.3,CS_DATA_AI
VKU221408,3.15,3.57,3.77,3.68,3.38,3.7,3.02,2.95,3.4,4.6,4.9,2.0,2.4,2.1,3.7,CYBER_SECURITY
VKU220260,2.91,3.24,3.23,4.0,3.17,2.5,3.13,3.44,3.2,4.8,4.8,2.4,2.2,3.1,3.0,CS_DATA_AI
VKU220052,3.78,2.8,3.02,3.53,3.18,2.92,3.13,3.46,3.23,5.0,4.8,3.4,2.6,2.6,3.3,CS_DATA_AI
VKU220199,3.42,3.47,2.85,3.97,3.03,2.71,3.56,3.38,3.3,3.3,3.3,1.8,2.8,2.8,3.4,CS_DATA_AI
VKU221789,3.41,2.9,3.05,3.34,3.91,3.45,2.22,3.05,3.17,2.7,5.0,3.3,4.0,4.2,4.5,DATA_ANALYTICS
VKU220651,3.21,3.67,2.75,2.83,3.53,3.46,3.75,3.65,3.36,3.8,4.5,3.3,2.5,3.4,3.7,SE_FULLSTACK
VKU220333,3.86,3.04,3.41,3.57,3.3,3.13,2.8,3.49,3.33,3.1,4.5,2.2,2.8,2.9,3.5,CS_DATA_AI
VKU221360,2.14,2.95,2.98,3.13,3.73,4.0,3.86,2.4,3.15,4.3,5.0,1.5,2.8,2.6,3.0,CYBER_SECURITY
VKU220594,3.65,3.68,3.51,2.41,3.56,2.7,3.57,3.63,3.34,4.2,3.4,3.7,3.4,2.8,3.1,SE_FULLSTACK
VKU221392,3.33,3.57,2.41,3.35,2.66,3.81,3.97,3.45,3.32,4.1,4.5,1.7,2.5,2.6,3.3,CYBER_SECURITY
VKU221801,3.52,3.39,3.06,3.79,3.75,3.7,2.57,2.87,3.33,2.7,4.3,3.5,3.2,4.4,5.0,DATA_ANALYTICS
VKU221315,3.18,3.27,1.86,3.05,2.74,3.99,3.97,3.12,3.15,4.2,5.0,1.8,2.1,2.7,4.0,CYBER_SECURITY
VKU221112,3.17,2.83,3.11,3.23,2.72,3.17,4.0,2.66,3.11,4.3,4.1,1.3,3.4,2.9,4.3,DEVOPS_CLOUD
VKU221007,2.68,2.89,2.17,2.4,2.9,3.75,3.18,2.78,2.84,4.4,4.0,3.1,2.8,2.6,3.9,DEVOPS_CLOUD
VKU221327,3.89,3.75,3.54,3.35,3.39,3.74,3.36,2.57,3.45,5.0,4.8,1.5,2.2,2.9,4.3,CYBER_SECURITY
VKU220427,3.15,3.56,2.98,2.81,3.77,2.62,2.9,3.68,3.18,4.2,3.0,3.1,3.1,3.3,4.2,SE_FULLSTACK
VKU221559,3.22,2.32,2.97,3.31,3.16,3.92,3.69,2.89,3.19,4.7,4.2,1.6,3.0,2.7,4.4,CYBER_SECURITY
VKU221294,3.57,3.02,2.96,3.72,3.12,3.54,3.58,2.99,3.31,4.4,4.2,2.1,2.5,2.3,5.0,CYBER_SECURITY
VKU220591,2.78,3.82,3.18,2.2,3.16,3.54,3.27,4.0,3.24,4.3,3.2,2.9,3.1,3.0,4.0,SE_FULLSTACK
VKU221958,2.65,3.25,3.2,3.82,4.0,2.5,1.63,3.21,3.03,3.2,4.2,2.7,3.4,4.4,3.9,DATA_ANALYTICS
VKU221977,2.9,2.59,3.36,3.1,3.85,2.32,3.35,3.1,3.07,2.6,4.5,3.0,3.0,3.9,4.5,DATA_ANALYTICS
VKU221133,2.98,3.3,2.47,3.14,3.23,4.0,3.11,3.28,3.19,4.9,4.2,1.8,2.2,2.8,4.6,DEVOPS_CLOUD
VKU220986,3.01,2.92,3.24,2.74,3.04,3.24,3.9,3.03,3.14,4.9,3.2,1.4,2.4,3.5,4.8,DEVOPS_CLOUD
VKU220399,3.85,3.16,3.33,3.18,3.44,3.04,2.69,3.28,3.25,3.0,4.1,1.7,2.5,2.8,3.6,CS_DATA_AI
VKU221512,2.97,3.67,2.92,3.37,3.03,3.75,4.0,3.4,3.39,4.4,5.0,1.1,2.4,1.7,4.7,CYBER_SECURITY
VKU220437,3.68,3.46,2.82,3.21,3.8,3.57,3.59,3.76,3.49,4.4,4.2,3.0,3.1,3.6,4.1,SE_FULLSTACK
VKU220193,3.02,3.87,4.0,4.0,3.87,2.69,3.21,2.84,3.44,4.3,4.2,1.5,2.4,2.6,3.7,CS_DATA_AI
VKU221436,2.52,2.93,3.4,4.0,3.03,3.35,3.7,2.75,3.21,4.4,5.0,2.3,2.6,2.8,4.6,CYBER_SECURITY
VKU220615,3.48,3.55,2.98,2.75,3.35,3.14,2.47,3.96,3.21,4.2,3.9,2.9,2.9,2.8,3.5,SE_FULLSTACK
VKU221494,4.0,2.78,2.84,3.05,3.4,3.47,3.55,3.47,3.32,4.0,5.0,2.5,2.1,2.6,4.1,CYBER_SECURITY
VKU220577,3.32,3.57,3.36,2.82,3.7,3.45,3.32,3.75,3.41,4.7,3.9,3.8,3.1,3.2,3.7,SE_FULLSTACK
VKU220987,3.58,3.6,3.3,3.25,3.05,3.53,3.91,3.65,3.48,4.8,3.7,1.0,2.2,3.0,5.0,DEVOPS_CLOUD
VKU221433,4.0,3.61,3.19,3.59,2.56,3.83,4.0,3.29,3.51,4.4,4.3,1.4,2.0,2.7,5.0,CYBER_SECURITY
VKU220707,3.55,3.28,2.85,3.6,3.35,2.82,2.52,3.53,3.19,4.9,4.0,3.5,3.9,3.1,3.5,SE_FULLSTACK
VKU221259,3.09,3.86,2.77,2.96,2.78,3.8,3.77,2.85,3.23,4.4,4.1,1.8,2.7,2.5,4.1,CYBER_SECURITY
VKU220142,4.0,3.57,3.11,3.94,2.21,2.49,2.95,2.91,3.15,3.2,4.7,1.8,2.0,2.9,3.6,CS_DATA_AI
VKU221358,3.52,3.71,3.37,3.8,3.13,4.0,3.47,3.22,3.53,5.0,5.0,1.4,2.6,3.0,4.2,CYBER_SECURITY
VKU220003,3.87,3.31,3.1,3.75,3.5,3.11,2.93,2.88,3.31,3.1,5.0,2.1,2.2,3.1,3.1,CS_DATA_AI
VKU221222,3.51,3.61,3.02,3.13,3.69,3.83,4.0,3.09,3.48,5.0,4.3,2.3,2.6,3.4,4.3,CYBER_SECURITY
VKU221870,3.85,2.7,2.61,3.44,3.63,2.89,2.43,2.77,3.04,2.7,4.1,2.7,3.0,3.7,4.7,DATA_ANALYTICS
VKU221623,3.11,3.03,2.75,3.65,3.63,2.93,2.73,2.52,3.04,2.5,3.8,2.9,2.9,4.9,5.0,DATA_ANALYTICS
VKU220340,3.52,3.88,3.36,3.78,3.13,3.4,2.62,3.11,3.35,3.7,3.8,2.1,2.9,2.5,3.4,CS_DATA_AI
VKU221770,3.5,2.59,2.61,3.97,3.62,2.6,2.64,2.14,2.96,2.1,3.5,3.4,4.0,4.0,4.8,DATA_ANALYTICS
VKU221537,3.51,3.8,3.01,2.98,3.14,4.0,3.01,2.05,3.19,4.5,4.2,1.8,2.3,3.1,4.4,CYBER_SECURITY
VKU220484,3.96,3.47,3.27,2.01,3.84,2.6,3.45,3.52,3.26,4.7,4.2,3.7,3.0,3.2,3.7,SE_FULLSTACK
VKU220266,3.55,4.0,3.32,3.89,3.54,2.75,2.86,2.74,3.33,3.6,4.0,3.2,1.9,3.1,2.8,CS_DATA_AI
VKU220377,4.0,2.5,3.97,3.29,3.45,3.15,3.09,3.11,3.32,3.9,4.3,2.6,3.0,2.2,4.1,CS_DATA_AI
VKU220742,3.61,3.36,2.75,2.55,3.67,3.48,3.33,4.0,3.34,4.0,4.7,3.2,3.7,2.8,2.9,SE_FULLSTACK
VKU221014,4.0,3.42,2.78,3.17,2.64,3.23,3.97,4.0,3.4,4.5,4.0,2.2,3.0,2.6,5.0,DEVOPS_CLOUD
VKU220440,4.0,3.48,2.88,2.43,3.11,3.44,3.05,3.79,3.27,4.8,4.1,3.8,2.5,2.5,4.3,SE_FULLSTACK
VKU220272,4.0,3.14,3.13,2.91,3.55,2.39,2.68,3.64,3.18,3.9,4.3,2.4,1.9,2.9,3.1,CS_DATA_AI
VKU220185,3.44,3.44,3.25,3.88,3.41,2.86,2.24,3.16,3.21,3.5,4.7,2.8,2.2,2.3,2.6,CS_DATA_AI
VKU220940,3.67,2.97,2.12,2.92,3.92,3.6,4.0,3.21,3.3,5.0,3.0,2.1,2.3,2.3,3.8,DEVOPS_CLOUD
VKU220245,3.23,3.65,3.88,3.81,2.98,3.2,2.36,3.31,3.3,3.4,5.0,2.1,2.1,3.5,3.2,CS_DATA_AI
VKU220932,2.97,3.25,2.98,2.9,3.26,3.5,4.0,2.8,3.21,4.8,3.8,1.4,3.0,2.3,4.7,DEVOPS_CLOUD
VKU220446,3.57,4.0,2.9,2.56,4.0,3.16,3.17,3.72,3.39,4.3,2.7,3.4,3.2,3.4,4.1,SE_FULLSTACK
VKU220597,3.29,4.0,3.46,2.35,3.23,3.14,3.15,3.76,3.3,4.1,4.8,3.3,2.6,3.2,2.9,SE_FULLSTACK
VKU220818,3.19,3.0,1.61,3.03,3.21,3.22,3.8,2.87,2.99,5.0,3.7,1.6,2.2,3.5,3.7,DEVOPS_CLOUD
VKU221273,3.9,3.23,3.21,3.68,3.97,3.81,4.0,3.15,3.62,4.4,4.3,1.9,1.4,2.9,4.5,CYBER_SECURITY
VKU221677,2.95,3.3,3.1,3.97,3.44,3.03,2.93,2.25,3.12,2.9,4.0,3.2,2.7,4.4,4.4,DATA_ANALYTICS
VKU220487,3.51,3.71,3.13,3.13,3.29,3.67,3.96,3.62,3.5,4.5,3.1,3.2,2.8,2.8,3.6,SE_FULLSTACK
VKU220681,3.03,3.89,3.16,2.71,3.26,3.49,2.96,3.8,3.29,3.0,3.5,3.1,2.9,3.6,3.5,SE_FULLSTACK
VKU220416,3.9,4.0,2.62,3.08,3.46,3.12,3.34,3.58,3.39,4.1,2.9,3.1,4.0,2.7,4.6,SE_FULLSTACK
VKU220274,3.54,2.92,3.44,3.32,2.69,2.71,3.76,2.49,3.11,4.7,4.2,1.3,2.1,2.0,3.2,CS_DATA_AI
VKU221472,3.23,2.79,3.23,3.74,2.73,3.63,3.38,3.5,3.28,4.1,4.0,2.0,1.6,2.6,3.8,CYBER_SECURITY
VKU221830,3.48,2.93,2.76,3.61,3.86,1.93,2.21,2.42,2.9,3.4,3.6,3.5,2.5,4.2,4.7,DATA_ANALYTICS
VKU221455,3.0,3.4,3.51,3.62,2.77,2.88,3.7,3.61,3.31,4.4,4.5,1.7,2.0,1.8,3.8,CYBER_SECURITY
VKU220251,3.21,4.0,3.5,3.52,2.98,3.07,3.25,3.22,3.34,4.2,4.8,1.6,2.0,2.5,2.8,CS_DATA_AI
VKU220414,3.42,3.14,3.07,2.6,3.22,3.22,3.59,3.58,3.23,3.9,3.8,3.3,3.0,3.1,4.6,SE_FULLSTACK
VKU221386,2.86,3.51,3.31,3.56,2.77,4.0,3.07,2.22,3.16,4.5,4.3,1.3,2.0,2.4,4.1,CYBER_SECURITY
VKU221308,3.39,3.43,3.52,3.25,2.78,4.0,3.98,2.25,3.33,4.6,3.7,1.2,2.3,2.3,3.8,CYBER_SECURITY
VKU220716,3.62,3.78,2.8,2.57,4.0,3.14,2.74,4.0,3.33,4.8,4.2,4.2,3.9,2.9,3.4,SE_FULLSTACK
VKU220311,3.94,3.46,3.36,4.0,3.12,3.02,3.46,2.62,3.37,3.7,4.6,2.5,2.2,2.7,3.5,CS_DATA_AI
VKU220927,3.19,3.14,2.91,3.45,3.16,4.0,4.0,3.12,3.37,5.0,3.4,1.6,1.8,2.9,4.3,DEVOPS_CLOUD
VKU220382,3.31,3.26,3.44,3.51,3.87,2.13,3.05,2.96,3.19,3.5,4.2,2.0,2.5,2.9,3.9,CS_DATA_AI
VKU221566,3.08,3.58,2.76,3.13,3.47,3.52,3.61,2.23,3.17,4.6,5.0,1.3,2.8,2.5,4.3,CYBER_SECURITY
VKU220426,3.39,3.55,3.13,3.17,3.58,3.13,3.18,3.99,3.39,4.2,4.0,2.1,2.4,2.5,3.9,SE_FULLSTACK
VKU221875,2.92,2.8,2.89,3.22,3.77,2.96,2.34,2.95,2.98,3.0,3.7,2.8,3.3,4.3,4.8,DATA_ANALYTICS
VKU220533,3.52,2.91,3.5,2.86,3.17,2.74,3.22,3.38,3.16,5.0,3.8,3.4,2.9,3.7,3.1,SE_FULLSTACK
VKU220753,3.92,2.89,2.91,2.67,3.87,3.22,2.55,3.24,3.16,3.6,3.4,3.2,3.3,3.2,3.4,SE_FULLSTACK
VKU220766,3.3,3.38,2.44,2.92,2.74,3.54,3.23,3.16,3.09,4.1,4.2,3.4,3.5,3.3,3.7,SE_FULLSTACK
VKU221357,3.6,3.26,3.44,3.46,3.06,3.41,3.8,2.56,3.32,4.5,4.4,2.6,2.4,2.2,3.8,CYBER_SECURITY
VKU220409,3.38,4.0,3.49,3.79,3.53,3.13,2.66,4.0,3.5,4.4,4.7,3.0,3.0,2.4,3.7,SE_FULLSTACK
VKU221615,3.52,2.72,3.13,3.17,3.26,2.98,2.38,2.17,2.92,2.6,4.4,3.2,2.9,3.5,4.5,DATA_ANALYTICS
VKU220695,2.94,3.3,2.44,2.73,3.44,2.89,3.25,3.74,3.09,3.3,3.5,4.0,3.0,2.9,4.3,SE_FULLSTACK
VKU221739,2.81,2.51,2.74,3.4,3.87,2.38,2.69,2.46,2.86,2.9,3.8,3.3,4.3,4.2,5.0,DATA_ANALYTICS
VKU220549,2.99,3.54,2.88,2.82,3.52,2.64,3.51,2.94,3.1,4.6,3.6,3.8,2.7,3.0,4.2,SE_FULLSTACK
VKU220937,2.72,3.62,2.86,3.23,3.47,3.55,4.0,2.69,3.27,5.0,3.6,1.4,2.8,2.8,4.4,DEVOPS_CLOUD
VKU221390,3.22,2.94,3.93,4.0,3.07,4.0,2.83,2.59,3.32,4.4,4.7,1.2,1.8,2.8,3.6,CYBER_SECURITY
VKU221608,2.49,2.31,2.95,3.89,3.7,2.97,2.23,2.55,2.89,3.0,3.5,2.5,3.7,3.6,4.1,DATA_ANALYTICS
VKU221940,3.16,2.45,3.1,3.51,3.83,3.03,2.4,2.96,3.05,2.8,3.4,3.6,2.9,3.6,3.3,DATA_ANALYTICS
VKU221482,3.49,3.23,2.89,3.33,2.76,3.01,3.24,2.66,3.08,4.0,4.7,1.2,2.8,2.6,4.7,CYBER_SECURITY
VKU220183,4.0,3.87,3.3,3.82,3.67,3.31,2.95,3.21,3.52,4.0,4.6,1.6,1.8,2.7,2.5,CS_DATA_AI
VKU221941,3.37,2.32,2.97,3.38,3.24,2.56,3.0,3.05,2.99,2.0,4.2,3.0,3.4,3.9,3.4,DATA_ANALYTICS
VKU221161,2.61,3.02,2.28,2.69,3.78,3.96,3.4,3.48,3.15,5.0,3.6,1.2,2.9,2.7,4.7,DEVOPS_CLOUD
VKU220171,3.56,3.3,3.88,3.57,3.89,3.46,3.06,2.63,3.42,3.6,4.5,2.2,2.4,2.6,3.0,CS_DATA_AI
VKU220293,3.73,3.63,3.35,4.0,2.75,2.71,3.06,2.78,3.25,3.0,4.7,2.4,3.3,2.8,2.8,CS_DATA_AI
VKU220562,3.06,3.48,2.85,3.22,3.1,3.12,3.08,3.6,3.19,4.4,3.3,3.5,2.7,2.7,5.0,SE_FULLSTACK
VKU221457,3.84,3.31,3.23,3.37,2.54,4.0,4.0,2.94,3.4,3.8,4.1,1.7,1.9,2.5,4.1,CYBER_SECURITY
VKU221877,3.67,2.48,2.96,3.42,3.73,2.81,2.93,2.7,3.09,2.5,3.9,3.1,4.0,4.1,4.6,DATA_ANALYTICS
VKU221652,3.26,3.23,2.87,3.95,4.0,3.07,2.36,3.26,3.25,3.7,4.3,2.4,3.3,4.2,4.6,DATA_ANALYTICS
VKU220850,3.14,3.18,2.7,2.79,2.65,3.97,3.37,2.4,3.03,4.1,3.0,1.3,2.2,3.6,4.2,DEVOPS_CLOUD
VKU220273,3.88,3.35,3.56,2.79,2.87,3.13,3.43,3.03,3.25,4.7,4.8,2.0,3.0,2.2,3.7,CS_DATA_AI
VKU221550,3.27,3.47,3.46,3.41,3.09,3.63,3.18,2.83,3.29,4.0,5.0,2.8,2.0,3.0,4.8,CYBER_SECURITY
VKU221035,3.37,3.06,3.01,3.07,2.83,3.88,3.72,3.5,3.3,4.5,3.4,2.2,2.5,2.7,4.2,DEVOPS_CLOUD
VKU221744,3.34,2.92,2.93,3.91,3.27,2.93,2.53,2.62,3.06,2.3,4.7,3.0,3.9,4.8,4.5,DATA_ANALYTICS
VKU220372,3.64,3.58,3.44,3.46,3.63,2.21,2.62,2.97,3.19,3.2,5.0,2.2,2.2,2.6,3.3,CS_DATA_AI
VKU221670,3.15,2.27,2.81,3.85,4.0,2.61,2.8,3.02,3.06,2.3,5.0,2.1,3.4,4.5,5.0,DATA_ANALYTICS
VKU220722,2.84,3.37,3.04,3.48,3.99,3.67,2.7,3.81,3.36,4.5,4.2,3.9,3.1,3.2,4.4,SE_FULLSTACK
VKU220734,3.12,3.9,2.85,3.32,3.64,2.78,3.16,3.29,3.26,4.6,3.4,3.0,3.5,3.1,4.2,SE_FULLSTACK
VKU220778,4.0,3.6,2.84,2.2,3.57,3.13,2.68,3.94,3.25,4.6,3.3,3.3,2.8,2.8,4.2,SE_FULLSTACK
VKU220519,3.46,3.7,2.3,2.53,3.22,3.36,3.52,3.9,3.25,4.6,4.0,3.3,2.4,2.8,3.3,SE_FULLSTACK
VKU220335,2.96,3.49,4.0,4.0,3.56,2.59,2.48,3.1,3.27,4.0,4.3,1.7,2.4,2.8,3.0,CS_DATA_AI
VKU220846,3.28,2.91,2.84,2.49,2.85,3.83,4.0,3.25,3.18,4.9,4.2,1.7,2.6,2.7,4.0,DEVOPS_CLOUD
VKU221252,3.05,3.8,3.33,3.22,3.02,3.6,3.51,2.46,3.25,4.8,5.0,1.9,1.8,1.8,4.5,CYBER_SECURITY
VKU221053,3.27,2.37,3.63,2.9,3.06,3.68,4.0,3.05,3.25,4.6,3.3,1.6,2.6,2.4,4.2,DEVOPS_CLOUD
VKU221924,3.41,2.66,3.41,3.94,3.9,2.36,3.03,3.62,3.29,2.9,4.0,2.6,3.0,2.7,4.9,DATA_ANALYTICS
VKU220016,3.97,3.58,3.9,4.0,3.19,3.94,3.14,3.06,3.6,3.4,4.6,2.3,2.0,2.0,3.6,CS_DATA_AI
VKU220708,3.4,3.2,3.39,3.32,3.48,2.79,3.04,3.85,3.31,3.9,2.9,3.6,3.3,3.2,3.5,SE_FULLSTACK
VKU220901,3.31,2.74,2.58,2.72,3.63,3.99,4.0,4.0,3.37,4.6,3.6,1.4,3.3,3.7,4.2,DEVOPS_CLOUD
VKU221980,4.0,3.31,3.02,3.48,3.11,2.85,2.55,2.68,3.12,3.3,4.1,3.8,3.8,4.0,4.1,DATA_ANALYTICS
VKU221573,3.11,3.53,2.94,3.09,2.74,3.95,3.22,2.96,3.19,4.7,4.1,1.3,2.2,2.6,4.2,CYBER_SECURITY
VKU220904,3.4,2.8,2.83,2.85,3.26,4.0,3.24,3.07,3.18,5.0,4.0,1.5,2.9,2.0,3.6,DEVOPS_CLOUD
VKU220466,3.53,4.0,2.51,3.03,3.17,3.68,2.57,3.63,3.26,4.6,4.5,4.3,2.6,3.0,3.6,SE_FULLSTACK
VKU221978,3.36,3.16,2.8,2.82,4.0,2.72,3.1,3.05,3.13,2.3,4.4,2.6,3.0,4.0,4.8,DATA_ANALYTICS
VKU220200,3.59,3.26,2.93,3.8,3.55,4.0,3.4,2.34,3.36,3.9,4.9,2.3,1.9,2.4,4.1,CS_DATA_AI
VKU221207,2.73,2.88,2.71,3.7,2.78,3.83,3.32,2.78,3.09,4.8,4.1,2.3,2.2,2.3,4.4,CYBER_SECURITY
VKU221056,3.64,2.74,2.66,3.02,3.5,3.72,3.95,2.85,3.26,4.8,4.4,1.8,1.9,2.8,4.7,DEVOPS_CLOUD
VKU221132,3.6,3.19,2.65,2.05,3.76,3.96,3.98,3.04,3.28,4.6,3.4,1.8,2.5,2.7,4.4,DEVOPS_CLOUD
VKU221380,3.6,3.89,3.33,3.28,3.16,3.36,3.67,2.77,3.38,5.0,4.5,1.1,1.0,2.5,4.3,CYBER_SECURITY
VKU220999,3.01,3.58,3.07,2.83,3.08,3.52,3.92,3.56,3.32,4.9,3.8,2.0,2.9,3.0,4.1,DEVOPS_CLOUD
VKU220728,3.73,3.72,3.45,2.92,3.76,2.9,3.25,3.84,3.45,3.8,3.9,3.1,2.7,2.9,3.7,SE_FULLSTACK
VKU221772,3.12,2.64,3.3,3.12,4.0,2.75,2.82,3.68,3.18,2.9,4.5,2.5,2.8,3.7,4.9,DATA_ANALYTICS
VKU221910,3.35,2.85,2.9,3.67,3.39,2.53,2.89,2.65,3.03,3.3,4.4,2.5,3.7,4.6,5.0,DATA_ANALYTICS
VKU221822,3.07,2.94,1.96,3.47,3.62,2.08,2.83,2.73,2.84,3.0,3.7,2.3,3.6,4.8,4.9,DATA_ANALYTICS
VKU220568,3.61,3.54,3.27,2.91,4.0,3.79,2.44,3.52,3.38,4.5,3.7,2.7,3.7,3.5,3.8,SE_FULLSTACK
VKU220044,3.79,3.88,2.89,3.26,3.01,2.8,1.78,2.8,3.03,4.4,4.1,1.5,2.6,2.7,3.6,CS_DATA_AI
VKU220275,2.81,3.78,3.5,3.42,3.59,3.51,2.87,3.63,3.39,3.1,5.0,2.3,2.6,2.4,3.1,CS_DATA_AI
VKU221097,2.76,3.09,2.64,3.02,3.27,3.84,3.6,3.02,3.16,5.0,3.8,1.6,3.1,3.2,4.8,DEVOPS_CLOUD
VKU220102,3.91,3.57,3.67,3.64,3.24,2.85,3.3,3.15,3.42,4.1,4.5,1.9,2.6,2.6,3.3,CS_DATA_AI
VKU221232,3.91,3.73,3.35,3.27,3.18,3.31,3.02,2.13,3.24,4.0,4.4,1.8,3.0,2.3,4.4,CYBER_SECURITY
VKU221722,3.19,3.03,3.07,3.33,3.67,2.84,2.6,2.32,3.01,2.5,4.4,3.2,4.1,4.2,4.7,DATA_ANALYTICS
VKU221833,3.43,2.47,2.81,3.49,4.0,2.49,2.49,3.05,3.03,2.5,5.0,2.6,3.4,4.4,4.9,DATA_ANALYTICS
VKU220108,3.55,3.65,3.56,3.57,2.75,2.79,3.36,2.83,3.26,3.8,4.8,1.6,2.5,3.6,2.8,CS_DATA_AI
VKU221618,3.24,2.64,3.08,4.0,4.0,2.15,2.57,3.04,3.09,2.5,3.8,2.7,3.8,3.3,3.3,DATA_ANALYTICS
VKU220498,3.73,3.34,2.64,2.89,3.58,3.06,2.65,3.82,3.21,4.2,3.5,4.1,3.7,3.2,4.1,SE_FULLSTACK
VKU221981,2.85,3.13,2.68,3.83,3.73,2.44,2.8,2.57,3.0,3.2,4.6,1.7,3.6,4.5,5.0,DATA_ANALYTICS
VKU220882,3.6,3.05,2.56,2.92,3.5,3.79,3.79,2.12,3.17,5.0,4.1,2.3,2.7,3.1,4.0,DEVOPS_CLOUD
VKU220757,3.16,3.96,2.68,2.63,3.44,3.0,3.31,3.49,3.21,3.8,4.3,3.5,3.3,2.2,3.9,SE_FULLSTACK
VKU220620,2.74,3.91,2.69,2.81,3.37,3.43,3.18,3.4,3.19,5.0,4.1,3.7,3.1,2.7,4.4,SE_FULLSTACK
VKU221107,3.6,2.96,3.28,2.65,3.75,3.76,4.0,3.45,3.43,4.4,4.1,1.8,2.5,3.1,4.5,DEVOPS_CLOUD
VKU221936,3.0,2.7,2.03,3.4,3.37,2.38,2.73,2.98,2.82,2.8,4.9,3.5,2.2,4.9,4.4,DATA_ANALYTICS
VKU220810,2.84,3.37,2.72,3.22,3.5,3.2,3.7,2.82,3.17,5.0,4.0,2.1,2.8,3.2,4.8,DEVOPS_CLOUD
VKU221038,3.0,2.69,3.21,2.46,3.38,3.87,4.0,3.21,3.23,5.0,3.9,1.9,2.3,3.2,5.0,DEVOPS_CLOUD
VKU220073,3.71,2.92,3.05,3.78,3.01,3.12,3.11,2.86,3.2,3.3,4.6,1.8,1.6,3.0,3.9,CS_DATA_AI
VKU221284,3.63,3.63,3.16,3.16,2.1,4.0,3.1,3.4,3.27,4.6,4.7,1.6,2.7,2.6,3.3,CYBER_SECURITY
VKU221272,3.34,4.0,3.17,3.27,2.79,4.0,3.53,3.57,3.46,4.9,4.6,1.8,1.5,2.6,4.4,CYBER_SECURITY
VKU221335,3.32,3.32,3.47,3.28,2.89,3.61,3.54,2.77,3.28,3.8,4.5,1.3,1.5,2.4,3.7,CYBER_SECURITY
VKU221459,3.47,3.43,4.0,3.7,2.96,3.58,3.46,2.41,3.38,5.0,5.0,1.7,1.3,2.2,4.0,CYBER_SECURITY
VKU220482,3.3,3.81,3.19,3.62,3.69,2.72,3.21,3.84,3.42,4.2,3.3,3.3,3.5,3.1,3.8,SE_FULLSTACK
VKU221069,2.77,3.12,2.8,2.3,3.03,4.0,3.39,3.48,3.11,5.0,3.9,1.1,2.3,3.5,4.7,DEVOPS_CLOUD
VKU220507,3.53,4.0,2.9,3.25,3.1,2.43,2.82,3.28,3.16,4.2,3.9,4.1,3.2,2.6,4.2,SE_FULLSTACK
VKU221238,3.84,3.47,3.06,3.39,3.62,3.55,3.91,2.58,3.43,4.7,4.9,2.4,2.9,2.8,4.3,CYBER_SECURITY
VKU221862,3.5,2.74,3.11,3.27,3.71,2.28,2.45,2.78,2.98,3.1,4.7,2.7,3.5,4.9,5.0,DATA_ANALYTICS
VKU221990,3.29,3.12,3.06,3.66,3.78,2.55,2.82,3.02,3.16,2.3,4.2,2.5,3.7,4.9,4.8,DATA_ANALYTICS
VKU221477,3.37,4.0,2.97,3.1,3.1,4.0,3.16,3.19,3.36,4.2,4.9,1.9,2.0,2.0,4.7,CYBER_SECURITY
VKU221867,2.74,2.96,2.49,3.78,4.0,2.75,2.93,3.04,3.09,3.1,4.3,3.3,3.5,4.5,4.4,DATA_ANALYTICS
VKU221456,3.28,4.0,3.01,3.54,3.5,3.45,3.52,2.51,3.35,4.1,4.8,2.4,1.1,2.9,5.0,CYBER_SECURITY
VKU220312,3.28,3.46,3.45,3.64,3.15,3.25,3.97,2.74,3.37,2.9,4.5,3.2,1.7,1.7,2.8,CS_DATA_AI
VKU220963,3.43,3.4,2.89,3.03,2.64,3.67,3.78,3.78,3.33,4.6,4.6,1.8,2.6,2.7,4.2,DEVOPS_CLOUD
VKU220406,3.96,3.76,2.75,2.92,3.61,3.4,2.94,3.95,3.41,3.7,3.4,3.9,3.0,3.1,3.9,SE_FULLSTACK
VKU221331,3.47,3.72,2.83,3.21,3.14,4.0,3.75,2.81,3.37,4.6,4.5,1.6,3.2,1.8,4.4,CYBER_SECURITY
VKU221650,3.57,3.51,2.84,3.42,3.62,2.76,3.59,2.26,3.2,3.6,3.8,2.4,3.6,4.1,4.9,DATA_ANALYTICS
VKU220310,3.48,3.29,3.84,4.0,2.62,3.14,2.98,3.11,3.31,3.2,4.9,2.7,2.7,3.6,3.3,CS_DATA_AI
VKU220227,3.62,3.42,3.14,3.53,3.63,2.44,2.59,3.1,3.18,3.5,4.8,2.0,2.7,2.6,3.6,CS_DATA_AI
VKU221858,3.41,2.12,2.71,3.21,3.79,2.92,3.15,3.09,3.05,2.6,4.2,2.5,3.6,4.4,5.0,DATA_ANALYTICS
VKU220711,3.78,3.85,3.19,2.79,3.56,2.89,2.82,3.7,3.32,4.1,4.1,3.8,2.7,3.6,4.2,SE_FULLSTACK
VKU221944,3.13,2.53,3.01,3.58,3.88,2.15,2.51,2.77,2.94,3.3,4.1,3.1,2.5,4.5,5.0,DATA_ANALYTICS
VKU221384,3.33,3.63,2.72,3.82,3.15,3.82,2.66,3.58,3.34,5.0,5.0,1.9,2.4,2.4,3.3,CYBER_SECURITY
VKU221786,3.2,3.41,2.78,3.63,3.37,2.57,2.44,2.74,3.02,3.5,4.9,3.5,4.2,4.8,4.6,DATA_ANALYTICS
VKU220149,3.34,3.41,3.57,3.79,3.17,2.97,3.14,3.66,3.38,3.5,4.9,2.2,2.2,2.1,3.6,CS_DATA_AI
VKU221555,3.49,3.29,3.06,3.56,2.76,3.91,3.86,2.98,3.36,4.6,4.5,1.9,2.7,2.5,4.8,CYBER_SECURITY
VKU221957,3.18,3.0,2.16,3.77,4.0,2.95,2.59,2.76,3.05,2.7,3.6,2.8,3.8,4.0,3.9,DATA_ANALYTICS
VKU220926,2.67,3.2,2.78,2.8,2.76,3.43,3.78,3.09,3.06,5.0,3.0,1.1,2.2,3.1,4.1,DEVOPS_CLOUD
VKU220943,3.39,3.38,2.74,2.58,3.6,3.35,3.06,2.65,3.09,4.6,5.0,1.3,1.7,3.3,4.6,DEVOPS_CLOUD
VKU220837,3.52,3.42,2.3,3.08,3.05,3.78,4.0,2.83,3.25,4.4,4.0,1.4,2.3,2.2,4.7,DEVOPS_CLOUD
VKU220576,3.26,3.64,2.74,2.62,3.42,3.37,2.73,4.0,3.22,4.5,4.1,3.4,3.3,2.5,4.6,SE_FULLSTACK
VKU220558,3.61,3.52,2.89,3.25,3.4,3.11,2.93,3.76,3.31,4.6,3.7,3.0,3.2,3.1,3.6,SE_FULLSTACK
VKU221236,3.76,3.61,3.05,2.91,3.32,3.77,4.0,2.35,3.35,4.0,4.0,2.0,2.8,3.1,4.7,CYBER_SECURITY
VKU221361,3.52,3.84,2.62,2.82,3.57,4.0,4.0,2.24,3.33,4.9,4.8,1.7,1.5,1.7,4.8,CYBER_SECURITY
VKU221348,3.8,3.56,3.11,3.2,3.17,3.27,3.37,2.53,3.25,5.0,4.2,1.5,2.9,2.4,4.6,CYBER_SECURITY
VKU221162,3.84,2.85,3.03,2.66,2.94,3.78,3.51,3.08,3.21,5.0,3.2,2.0,2.2,3.1,4.5,DEVOPS_CLOUD
VKU221443,3.37,3.13,3.31,3.17,3.31,3.46,2.93,3.12,3.23,3.9,3.8,1.4,2.3,1.6,4.2,CYBER_SECURITY
VKU220287,4.0,3.71,4.0,3.37,3.87,2.94,3.33,2.59,3.48,5.0,4.7,1.7,4.0,2.4,3.4,CS_DATA_AI
VKU221605,3.43,2.78,2.66,3.88,3.59,2.63,3.13,2.32,3.05,2.7,3.6,3.3,3.6,5.0,4.5,DATA_ANALYTICS
VKU221058,2.82,3.19,3.18,2.78,3.25,4.0,3.85,2.98,3.26,4.5,3.1,1.7,2.7,2.6,4.4,DEVOPS_CLOUD
VKU220599,3.39,3.63,3.31,2.69,3.7,3.41,2.87,4.0,3.38,3.6,3.8,3.2,2.7,3.4,3.8,SE_FULLSTACK
VKU220933,2.61,3.0,2.83,3.46,3.41,3.22,3.24,3.58,3.17,5.0,4.1,1.7,1.8,2.4,4.1,DEVOPS_CLOUD
VKU221462,3.1,3.67,2.72,3.28,3.43,3.91,3.59,3.28,3.37,4.6,4.5,1.4,1.9,2.5,4.1,CYBER_SECURITY
VKU221638,2.22,2.24,3.31,3.42,3.26,2.8,2.83,2.61,2.84,1.7,4.0,3.2,4.4,4.7,4.7,DATA_ANALYTICS
VKU221588,2.99,3.23,3.13,3.17,3.08,3.08,4.0,2.8,3.19,4.0,4.7,1.9,1.9,3.0,3.7,CYBER_SECURITY
VKU221041,3.52,1.94,2.45,3.34,3.38,4.0,4.0,2.91,3.19,4.9,4.2,1.7,3.2,2.4,3.9,DEVOPS_CLOUD
VKU221231,3.38,3.19,3.45,3.02,3.37,3.74,3.37,2.92,3.31,4.6,3.8,1.0,1.0,3.2,4.2,CYBER_SECURITY
VKU220807,3.05,2.63,2.97,3.42,3.0,3.92,4.0,2.59,3.2,4.6,4.1,1.0,3.1,2.9,4.7,DEVOPS_CLOUD
VKU220905,2.75,3.09,3.26,2.95,3.58,3.91,3.66,2.78,3.25,5.0,4.1,3.1,2.3,2.4,4.3,DEVOPS_CLOUD
VKU221680,2.74,2.99,2.22,3.79,3.68,2.22,2.97,3.0,2.95,2.4,4.3,3.3,2.9,4.2,4.7,DATA_ANALYTICS
VKU221205,2.84,2.83,3.81,3.32,2.74,4.0,3.18,1.68,3.05,4.6,4.0,1.7,2.0,2.4,4.8,CYBER_SECURITY
VKU220768,2.89,4.0,3.52,3.51,3.8,3.03,2.87,3.92,3.44,3.5,2.9,3.6,3.4,2.8,3.5,SE_FULLSTACK
VKU220610,3.07,3.32,3.11,2.85,3.84,3.2,3.53,4.0,3.37,4.0,3.5,4.1,3.2,3.6,3.2,SE_FULLSTACK
VKU221993,2.99,2.83,2.65,3.56,3.77,2.02,2.77,2.63,2.9,2.4,3.9,2.9,3.4,4.6,4.1,DATA_ANALYTICS
VKU221565,3.5,3.79,3.67,3.6,2.7,3.39,4.0,2.73,3.42,4.7,4.9,1.4,1.9,1.9,3.7,CYBER_SECURITY
VKU221423,3.03,2.85,3.18,3.59,2.94,4.0,3.66,2.99,3.28,4.2,4.8,1.5,2.7,1.9,4.4,CYBER_SECURITY
VKU221011,4.0,3.23,3.01,2.57,2.89,3.91,4.0,3.69,3.41,4.3,4.2,1.1,2.7,2.7,5.0,DEVOPS_CLOUD
VKU220494,3.6,3.03,2.99,3.02,3.67,2.91,3.81,3.72,3.34,4.3,3.7,3.2,3.2,2.9,2.9,SE_FULLSTACK
VKU221321,3.45,3.6,3.02,3.77,3.1,4.0,3.62,2.66,3.4,4.1,4.6,1.5,2.2,2.9,3.9,CYBER_SECURITY
VKU220278,4.0,3.15,3.78,3.5,3.57,2.19,3.51,3.43,3.39,3.7,5.0,1.8,2.0,3.1,3.5,CS_DATA_AI
VKU221847,3.33,2.9,3.03,3.53,4.0,1.92,3.14,2.72,3.07,2.6,4.7,2.6,2.4,4.8,4.4,DATA_ANALYTICS
VKU220359,3.25,3.32,3.69,3.73,3.69,3.07,2.53,3.4,3.33,4.4,4.6,2.4,2.9,2.3,4.5,CS_DATA_AI
VKU221111,2.95,2.92,3.35,2.76,3.73,3.87,3.53,3.48,3.32,4.0,4.8,2.3,2.4,3.0,3.6,DEVOPS_CLOUD
VKU220237,3.58,3.38,3.01,3.81,3.18,2.95,2.67,3.51,3.26,3.8,4.0,2.5,2.3,1.8,3.6,CS_DATA_AI
VKU220552,3.59,4.0,3.06,3.01,3.87,2.96,2.94,4.0,3.43,4.7,4.3,3.8,2.8,3.3,4.1,SE_FULLSTACK
VKU221868,2.58,3.41,3.21,3.37,3.73,2.46,2.51,2.94,3.03,2.3,4.3,3.1,3.3,4.4,4.1,DATA_ANALYTICS
VKU221813,3.79,2.92,2.75,3.61,3.83,3.38,2.23,3.18,3.21,2.8,3.7,2.3,3.5,4.4,3.9,DATA_ANALYTICS
VKU220209,3.69,3.27,3.56,2.97,2.98,3.01,2.9,2.98,3.17,4.2,5.0,2.0,2.6,3.0,3.5,CS_DATA_AI
VKU221387,2.99,4.0,2.49,2.9,3.01,3.65,3.8,2.07,3.11,4.9,4.7,1.0,2.5,3.1,3.3,CYBER_SECURITY
VKU221561,3.3,3.8,2.94,3.14,3.35,3.98,3.29,3.14,3.37,4.6,4.9,2.2,2.4,3.1,3.5,CYBER_SECURITY
VKU220059,3.96,4.0,3.71,3.2,3.62,2.74,2.58,3.64,3.43,3.6,4.4,2.4,3.5,2.8,3.6,CS_DATA_AI
VKU220632,3.51,3.49,3.01,3.1,2.87,3.45,3.33,4.0,3.34,4.6,3.8,2.9,2.7,3.2,3.7,SE_FULLSTACK
VKU221962,3.37,2.67,2.75,3.21,3.67,2.61,2.8,3.02,3.01,2.2,3.9,3.2,3.4,3.4,5.0,DATA_ANALYTICS
VKU221860,2.77,3.23,2.97,3.99,3.66,2.6,2.99,3.12,3.17,2.6,4.7,2.8,4.0,3.6,5.0,DATA_ANALYTICS
VKU221817,3.96,2.79,2.84,3.59,3.84,2.23,2.91,2.99,3.14,2.5,4.3,2.5,4.1,4.4,4.4,DATA_ANALYTICS
VKU220364,4.0,2.44,3.4,3.5,3.39,2.62,3.22,2.99,3.2,3.9,4.5,1.5,3.0,2.3,3.5,CS_DATA_AI
VKU220506,3.23,3.84,2.68,2.23,3.87,1.6,3.15,3.27,2.98,4.5,5.0,3.6,2.0,2.8,3.9,SE_FULLSTACK
VKU221166,3.38,3.02,3.19,2.9,3.77,3.49,3.82,2.82,3.3,5.0,3.6,2.0,2.3,2.7,5.0,DEVOPS_CLOUD
VKU221122,3.31,2.65,2.94,2.7,3.51,4.0,3.42,3.56,3.26,4.6,3.1,2.0,3.4,3.1,5.0,DEVOPS_CLOUD
VKU221630,2.9,3.59,3.41,3.87,3.73,1.95,2.91,2.98,3.17,3.1,3.9,3.2,3.5,4.2,4.2,DATA_ANALYTICS
VKU221217,2.99,3.13,3.17,3.78,2.81,3.54,3.47,3.18,3.26,4.8,3.7,1.0,2.5,2.4,5.0,CYBER_SECURITY
VKU221152,3.89,2.93,3.05,3.57,3.13,3.47,3.76,3.2,3.38,4.9,3.2,1.5,2.5,3.2,3.7,DEVOPS_CLOUD
VKU221125,3.25,3.16,2.14,2.71,2.91,3.31,3.95,3.25,3.08,3.8,4.1,1.9,2.6,2.6,4.2,DEVOPS_CLOUD
VKU221595,3.99,3.27,3.27,3.05,3.46,4.0,2.78,2.8,3.33,5.0,4.4,1.1,2.4,2.6,4.3,CYBER_SECURITY
VKU220119,3.74,3.49,3.52,3.83,3.33,2.29,3.6,3.14,3.37,3.4,4.8,1.7,2.6,3.4,3.2,CS_DATA_AI
VKU221250,3.31,3.18,2.77,3.76,3.51,4.0,3.44,2.63,3.33,5.0,5.0,1.6,2.3,2.6,3.5,CYBER_SECURITY
VKU221994,4.0,3.6,3.16,4.0,4.0,2.91,3.23,2.58,3.44,2.3,4.2,3.0,3.3,4.1,3.9,DATA_ANALYTICS
VKU220523,3.67,3.75,2.92,3.02,3.89,3.16,3.57,3.86,3.48,3.6,3.7,3.3,3.0,2.7,3.8,SE_FULLSTACK
VKU220514,2.65,3.14,2.53,2.84,3.48,3.07,3.74,4.0,3.18,5.0,3.6,3.4,2.6,2.5,3.3,SE_FULLSTACK
VKU220082,3.7,3.24,3.54,3.2,3.96,3.18,3.02,3.4,3.41,3.5,5.0,2.0,2.2,2.2,3.7,CS_DATA_AI
VKU220916,2.93,2.61,3.42,2.94,3.58,4.0,4.0,2.85,3.29,3.6,3.9,2.5,2.2,1.7,4.4,DEVOPS_CLOUD
VKU221019,2.94,3.25,2.57,2.78,3.24,3.64,3.33,3.2,3.12,4.9,4.6,2.0,1.6,3.3,5.0,DEVOPS_CLOUD
VKU220381,3.52,3.17,3.54,4.0,3.34,2.58,3.04,2.82,3.25,3.8,5.0,1.6,2.3,2.7,2.7,CS_DATA_AI
VKU221030,3.49,3.44,3.57,2.91,3.05,3.85,3.49,3.17,3.37,4.9,4.0,1.0,1.8,3.0,4.2,DEVOPS_CLOUD
VKU221689,2.73,3.22,3.32,3.89,3.79,3.21,2.62,2.74,3.19,3.2,4.7,2.6,4.0,4.5,4.9,DATA_ANALYTICS
VKU220085,3.74,3.49,3.09,4.0,3.4,2.71,3.3,2.63,3.29,3.3,4.3,2.4,2.5,2.8,3.7,CS_DATA_AI
VKU221678,3.33,2.79,3.33,3.39,3.11,2.63,4.0,2.33,3.11,3.0,3.0,2.9,2.8,4.4,4.4,DATA_ANALYTICS
VKU220330,3.72,3.53,4.0,3.06,3.6,3.23,3.1,3.47,3.46,4.0,4.8,2.1,2.6,2.6,3.6,CS_DATA_AI
VKU220007,3.88,3.18,3.71,4.0,2.95,2.6,2.46,3.12,3.24,3.4,5.0,1.8,2.3,3.0,2.9,CS_DATA_AI
VKU220746,3.13,2.84,2.96,2.71,4.0,3.53,2.65,4.0,3.23,4.4,4.1,4.6,2.9,3.4,3.6,SE_FULLSTACK
VKU221554,3.05,3.18,3.38,2.37,3.01,3.52,4.0,2.42,3.12,4.7,5.0,1.7,2.4,2.6,4.1,CYBER_SECURITY
VKU220915,3.35,3.15,3.14,2.71,2.16,4.0,3.85,4.0,3.29,4.8,4.0,1.9,2.1,2.9,4.4,DEVOPS_CLOUD
VKU220874,3.1,2.65,2.56,2.66,2.88,3.97,3.81,2.59,3.03,4.7,3.8,2.0,2.3,2.9,4.0,DEVOPS_CLOUD
VKU220452,3.73,4.0,3.01,2.34,3.26,3.08,2.65,4.0,3.26,4.1,4.0,3.2,2.0,2.6,3.8,SE_FULLSTACK
VKU220491,3.87,3.11,3.01,2.66,2.3,3.24,3.19,4.0,3.17,4.7,3.2,3.2,2.6,2.3,3.7,SE_FULLSTACK
VKU221481,2.55,3.39,2.99,2.72,3.19,3.91,4.0,2.75,3.19,4.2,4.7,1.1,2.5,2.4,3.7,CYBER_SECURITY
VKU220288,3.55,3.2,3.88,3.31,3.23,2.74,3.19,2.72,3.23,4.6,4.7,1.8,2.7,2.5,2.9,CS_DATA_AI
VKU220949,4.0,3.17,2.95,2.7,3.29,3.75,3.4,3.08,3.29,4.8,4.0,2.2,2.4,2.7,4.1,DEVOPS_CLOUD
VKU221986,2.66,3.0,1.59,3.4,3.86,2.76,2.07,2.75,2.76,3.0,4.2,2.7,3.6,4.1,5.0,DATA_ANALYTICS
VKU221369,2.89,3.62,2.6,3.36,3.34,3.49,3.4,2.73,3.18,3.8,4.1,1.6,1.1,2.6,4.7,CYBER_SECURITY
VKU221147,3.03,2.83,2.74,3.19,3.07,3.64,3.75,3.3,3.19,4.7,3.5,1.5,3.1,2.3,4.5,DEVOPS_CLOUD
VKU220706,3.59,3.69,3.3,3.16,3.63,2.65,3.21,3.6,3.35,4.0,3.5,2.6,3.4,3.4,3.2,SE_FULLSTACK
VKU221727,2.78,2.83,2.7,3.34,4.0,2.69,2.52,3.19,3.01,2.1,4.4,2.1,3.4,3.6,5.0,DATA_ANALYTICS
VKU221702,3.34,2.78,2.83,3.39,3.83,2.6,2.66,3.15,3.07,2.8,4.0,2.5,3.5,4.4,5.0,DATA_ANALYTICS
VKU221629,2.86,2.77,3.11,3.59,4.0,2.55,3.09,2.49,3.06,3.1,4.3,3.6,3.1,4.1,4.5,DATA_ANALYTICS
VKU221600,3.68,3.4,3.24,3.1,3.18,3.35,3.8,2.37,3.26,4.0,4.9,1.5,2.2,2.6,4.9,CYBER_SECURITY
VKU221539,2.82,3.95,2.96,3.79,3.03,3.91,4.0,2.79,3.41,3.4,5.0,1.5,2.7,2.7,4.2,CYBER_SECURITY
VKU221406,3.3,3.54,2.64,3.28,2.01,3.77,3.44,2.89,3.11,4.4,4.3,1.2,2.0,1.9,3.9,CYBER_SECURITY
VKU221651,3.18,2.6,3.72,2.57,3.54,3.26,1.97,2.4,2.91,2.6,3.7,2.0,3.6,4.2,4.8,DATA_ANALYTICS
VKU220328,3.48,3.12,2.89,3.43,3.33,2.82,2.66,2.67,3.05,4.8,5.0,2.3,2.6,3.1,3.8,CS_DATA_AI
VKU220443,3.41,3.62,2.94,2.59,3.37,3.28,3.54,3.38,3.27,3.7,4.2,4.2,2.6,3.2,3.3,SE_FULLSTACK
VKU220775,2.98,3.76,3.22,2.63,3.15,2.89,2.47,4.0,3.14,4.0,3.7,3.5,3.2,3.9,3.1,SE_FULLSTACK
VKU221088,3.22,3.24,3.3,2.36,2.9,4.0,3.6,3.22,3.23,4.9,4.1,1.8,2.9,2.2,5.0,DEVOPS_CLOUD
VKU221221,2.94,3.78,3.35,3.41,2.66,3.19,3.98,2.79,3.26,4.0,4.7,1.9,1.5,2.8,3.3,CYBER_SECURITY
VKU221636,2.74,3.19,2.83,3.22,4.0,2.6,2.6,3.25,3.05,2.5,4.3,2.6,2.6,3.0,4.8,DATA_ANALYTICS
VKU220178,3.46,3.77,3.73,3.02,3.36,2.05,2.66,3.45,3.19,4.0,4.5,1.8,2.1,3.5,3.5,CS_DATA_AI
VKU221323,3.1,3.23,3.13,2.4,2.58,3.5,3.57,2.49,3.0,3.9,4.8,2.2,1.9,2.3,4.0,CYBER_SECURITY
VKU220705,3.59,3.9,2.96,2.81,4.0,3.19,3.14,3.58,3.4,4.0,4.0,3.5,2.6,3.7,3.3,SE_FULLSTACK
VKU220087,3.27,3.88,3.63,4.0,3.29,2.69,2.63,2.73,3.27,4.2,5.0,2.2,2.3,2.6,4.0,CS_DATA_AI
VKU221884,2.97,2.6,2.87,4.0,3.6,2.18,2.41,2.96,2.95,2.1,3.6,2.9,3.7,4.3,3.2,DATA_ANALYTICS
VKU221948,2.81,3.01,2.65,3.67,3.3,3.02,2.72,2.75,2.99,3.1,4.4,2.8,3.4,4.1,5.0,DATA_ANALYTICS
VKU220458,3.83,3.68,2.8,3.24,3.63,3.64,3.51,3.6,3.49,4.2,3.8,2.7,2.4,3.5,4.0,SE_FULLSTACK
VKU221829,2.94,3.0,3.16,4.0,3.68,2.71,2.97,3.26,3.21,3.1,4.4,2.8,3.2,4.6,3.7,DATA_ANALYTICS
VKU220055,4.0,3.47,3.39,3.83,3.32,2.56,2.95,2.74,3.28,3.5,4.6,2.3,2.6,2.5,4.0,CS_DATA_AI
VKU221502,2.84,2.97,2.98,3.42,3.08,3.65,3.6,3.47,3.25,4.3,5.0,1.7,3.0,3.0,4.4,CYBER_SECURITY
VKU220644,3.68,3.77,3.14,3.28,3.0,3.66,3.46,4.0,3.5,4.8,3.9,3.7,2.9,2.7,4.0,SE_FULLSTACK
VKU220678,3.26,3.57,2.93,2.93,3.3,3.29,3.12,3.82,3.28,4.8,4.5,3.3,1.7,3.1,3.8,SE_FULLSTACK
VKU220222,3.05,3.64,3.74,3.79,3.53,2.78,2.79,2.77,3.26,3.7,4.2,2.0,2.6,2.8,3.1,CS_DATA_AI
VKU220114,3.3,4.0,3.74,3.3,2.7,2.56,2.84,3.26,3.21,3.5,5.0,3.0,2.8,2.6,3.1,CS_DATA_AI
VKU220983,2.55,3.32,2.52,3.23,3.49,3.13,3.29,2.61,3.02,5.0,4.2,2.2,3.0,3.3,3.4,DEVOPS_CLOUD
VKU221229,2.63,3.5,3.28,3.54,3.82,3.77,3.16,2.98,3.33,3.8,4.6,2.1,1.9,3.2,3.8,CYBER_SECURITY
VKU221000,3.35,2.36,3.11,3.34,2.76,4.0,3.88,3.09,3.24,4.6,4.2,1.6,2.1,3.1,4.2,DEVOPS_CLOUD
VKU220175,3.19,3.59,3.01,4.0,3.09,2.79,2.81,3.63,3.26,3.7,4.1,2.5,2.3,2.7,3.3,CS_DATA_AI
VKU220782,3.3,3.38,3.35,2.74,4.0,2.99,3.22,4.0,3.37,3.5,3.7,3.4,2.6,3.4,3.6,SE_FULLSTACK
VKU220590,3.8,3.07,2.7,2.93,3.66,3.09,3.4,3.72,3.3,4.0,4.0,3.4,3.0,2.8,4.2,SE_FULLSTACK
VKU221560,3.09,3.29,3.73,4.0,2.86,3.98,4.0,4.0,3.62,4.9,4.4,1.0,2.2,2.5,4.6,CYBER_SECURITY
VKU220019,3.54,3.6,3.33,3.51,2.99,3.33,2.69,3.02,3.25,3.3,5.0,1.9,2.0,2.0,3.2,CS_DATA_AI
VKU220424,3.68,4.0,2.37,3.91,3.41,3.01,2.94,3.37,3.34,4.7,4.3,3.7,2.9,2.9,4.6,SE_FULLSTACK
VKU221344,2.96,2.35,3.9,3.55,3.68,3.74,4.0,2.5,3.33,4.3,4.2,1.9,2.1,3.5,4.0,CYBER_SECURITY
VKU220286,3.73,3.74,3.48,4.0,2.85,2.91,2.73,3.19,3.33,3.8,4.2,2.9,1.6,2.5,3.1,CS_DATA_AI
VKU221584,3.04,3.14,3.18,2.85,2.72,3.6,3.83,2.0,3.04,4.7,4.6,1.4,1.7,2.2,3.9,CYBER_SECURITY
VKU220429,3.51,3.5,3.11,1.88,4.0,3.04,3.49,4.0,3.32,4.3,3.2,3.4,3.1,2.9,3.6,SE_FULLSTACK
VKU221510,2.7,3.48,2.97,3.13,3.44,3.46,2.98,2.67,3.1,4.5,4.5,1.5,1.5,2.7,4.7,CYBER_SECURITY
VKU221319,3.36,3.5,3.25,2.96,3.01,3.94,4.0,2.73,3.34,4.5,4.3,1.7,1.2,2.8,3.6,CYBER_SECURITY
VKU220670,3.12,3.69,3.1,2.76,3.42,3.83,2.91,3.42,3.28,4.6,3.5,3.2,2.6,3.7,4.2,SE_FULLSTACK
VKU220032,3.77,3.58,4.0,4.0,2.95,2.76,3.02,3.48,3.45,3.7,4.4,1.7,1.7,3.0,3.5,CS_DATA_AI
VKU220941,3.54,3.2,2.99,3.2,3.77,3.78,4.0,2.51,3.37,4.8,3.8,2.1,2.9,1.9,5.0,DEVOPS_CLOUD
VKU220723,3.45,3.81,3.79,3.19,3.47,3.19,2.96,3.97,3.48,4.3,4.1,3.2,3.1,3.4,4.5,SE_FULLSTACK
VKU220995,3.45,3.13,2.42,3.41,2.62,4.0,3.57,3.01,3.2,4.2,3.5,1.7,2.6,3.1,4.5,DEVOPS_CLOUD
VKU220215,3.96,3.66,4.0,2.83,3.26,2.52,3.14,2.83,3.27,3.8,5.0,1.8,2.4,3.0,3.7,CS_DATA_AI
VKU220814,3.06,3.52,2.41,3.29,3.21,3.21,4.0,2.75,3.18,4.4,4.4,1.8,2.3,2.8,3.7,DEVOPS_CLOUD
VKU220327,3.7,3.78,3.58,3.83,3.53,2.52,3.76,3.28,3.5,4.2,3.9,2.6,2.9,3.3,3.6,CS_DATA_AI
VKU220561,3.28,3.03,3.47,3.6,3.62,2.92,3.09,2.89,3.24,4.2,3.6,3.3,3.5,3.1,4.0,SE_FULLSTACK
VKU221113,2.8,2.64,2.69,2.7,2.81,3.82,3.67,2.61,2.97,4.7,3.4,2.3,2.3,2.0,4.0,DEVOPS_CLOUD
VKU220701,4.0,4.0,3.05,2.64,4.0,2.59,2.69,3.7,3.33,4.2,3.6,3.2,2.8,3.4,3.7,SE_FULLSTACK
VKU221579,3.43,3.33,3.66,3.99,3.24,3.85,3.41,3.14,3.51,5.0,4.2,2.3,2.0,2.7,4.5,CYBER_SECURITY
VKU221190,2.93,2.84,2.41,3.41,2.8,3.75,3.51,2.9,3.07,4.8,3.6,1.5,2.3,2.7,5.0,DEVOPS_CLOUD
VKU220342,3.6,3.29,3.53,3.49,3.38,2.84,2.83,3.09,3.26,3.7,4.4,2.3,2.1,2.7,4.6,CS_DATA_AI
VKU220630,3.1,3.34,2.66,3.53,3.92,2.6,2.97,3.45,3.2,3.9,3.6,2.1,2.9,2.6,4.2,SE_FULLSTACK
VKU220148,3.24,3.49,3.65,3.47,2.74,2.37,3.02,3.01,3.12,4.7,4.7,2.8,1.5,3.0,3.2,CS_DATA_AI
VKU221310,3.41,3.45,2.55,3.45,3.23,3.85,3.95,3.03,3.37,4.9,4.3,1.8,1.8,2.6,5.0,CYBER_SECURITY
VKU220361,4.0,3.17,4.0,3.26,3.39,3.11,2.78,2.71,3.3,3.6,5.0,1.8,3.1,2.9,2.9,CS_DATA_AI
VKU220084,3.25,3.9,2.76,3.49,2.95,2.62,2.92,2.97,3.11,4.5,4.5,2.7,3.1,3.0,3.3,CS_DATA_AI
VKU220049,3.36,4.0,3.54,3.46,3.94,2.14,3.11,3.07,3.33,3.9,4.8,1.9,2.6,2.7,3.1,CS_DATA_AI
VKU220469,3.69,4.0,3.16,3.33,4.0,3.01,3.35,4.0,3.57,3.9,4.2,3.5,2.0,3.2,4.0,SE_FULLSTACK
VKU220156,3.62,3.25,3.51,3.31,2.89,2.69,2.87,3.02,3.15,3.9,4.4,1.7,2.0,3.1,2.9,CS_DATA_AI
VKU220773,3.21,3.96,2.35,2.59,3.64,2.17,3.07,3.73,3.09,3.8,4.2,4.0,2.3,3.8,3.7,SE_FULLSTACK
VKU221240,3.57,3.6,3.53,3.79,3.09,3.43,3.83,3.66,3.56,4.3,4.6,2.3,2.7,2.3,4.5,CYBER_SECURITY
VKU221201,3.03,3.23,2.82,3.56,3.07,3.98,3.56,3.29,3.32,3.9,4.5,2.3,3.1,2.7,3.6,CYBER_SECURITY
VKU221403,3.36,3.29,3.26,3.23,2.24,3.67,2.88,2.98,3.11,3.8,3.8,1.7,1.9,2.5,4.0,CYBER_SECURITY
VKU221203,3.36,3.7,3.97,2.75,3.19,4.0,3.44,3.27,3.46,5.0,4.0,2.4,2.5,2.5,4.6,CYBER_SECURITY
VKU221631,2.78,3.07,2.97,3.71,3.77,2.52,2.78,3.13,3.09,2.8,4.5,2.2,4.6,4.5,4.9,DATA_ANALYTICS
VKU220501,3.92,4.0,2.68,3.03,3.99,3.4,3.07,3.72,3.48,4.2,3.6,3.7,2.8,2.8,3.5,SE_FULLSTACK
VKU221765,3.44,2.78,2.94,3.19,4.0,2.35,2.98,2.33,3.0,2.7,4.3,2.5,3.2,4.2,5.0,DATA_ANALYTICS
VKU220180,3.31,3.77,3.71,3.48,3.45,2.89,2.96,3.26,3.35,3.4,4.6,1.8,1.9,2.7,3.6,CS_DATA_AI
VKU221048,2.88,2.84,2.91,3.91,3.44,3.73,3.98,3.17,3.36,4.6,4.3,1.6,2.1,2.4,4.7,DEVOPS_CLOUD
VKU221756,3.8,3.74,2.47,4.0,3.94,2.38,3.17,2.99,3.31,2.7,4.2,2.9,3.4,4.9,4.8,DATA_ANALYTICS
VKU220951,3.27,3.63,2.41,2.39,3.14,3.36,3.25,3.04,3.06,5.0,3.9,2.2,2.5,3.0,3.8,DEVOPS_CLOUD
VKU221317,3.95,3.06,3.34,3.94,3.23,4.0,3.91,2.58,3.5,4.4,4.2,1.9,1.9,3.0,4.2,CYBER_SECURITY
VKU221620,3.14,3.35,3.07,3.73,2.25,2.92,2.67,2.94,3.01,1.8,4.7,3.6,4.0,3.6,4.8,DATA_ANALYTICS
VKU220529,2.77,3.33,2.83,1.72,3.99,2.89,3.76,3.23,3.06,4.5,3.9,2.9,2.4,2.7,3.3,SE_FULLSTACK
VKU220347,3.51,3.49,4.0,3.91,3.38,2.47,3.56,2.37,3.34,3.2,5.0,2.5,3.0,3.0,4.4,CS_DATA_AI
VKU221388,3.19,3.49,3.57,3.47,2.9,4.0,3.53,3.21,3.42,4.7,5.0,2.0,1.9,2.2,4.6,CYBER_SECURITY
VKU221961,2.52,3.02,2.62,3.32,4.0,2.47,2.57,3.29,2.98,3.1,3.5,3.7,2.5,4.4,4.2,DATA_ANALYTICS
VKU221051,3.28,3.23,2.65,2.82,2.97,3.74,3.19,3.21,3.14,4.6,4.1,2.0,2.4,2.9,3.8,DEVOPS_CLOUD
VKU221973,3.21,2.75,3.21,3.5,3.3,1.81,3.46,2.81,3.01,3.1,4.3,3.3,3.5,4.6,5.0,DATA_ANALYTICS
VKU221442,3.46,3.25,3.18,2.78,2.98,4.0,3.92,2.52,3.26,5.0,4.2,1.0,2.3,2.8,4.0,CYBER_SECURITY
VKU220602,4.0,3.57,3.54,3.18,3.25,2.96,2.89,3.41,3.35,3.9,4.3,3.7,2.6,3.5,4.3,SE_FULLSTACK
VKU221282,3.59,3.44,2.51,3.61,4.0,3.49,3.53,2.78,3.37,4.6,5.0,2.0,1.7,2.3,4.0,CYBER_SECURITY
VKU220244,4.0,4.0,3.51,4.0,2.91,2.74,2.91,2.92,3.37,3.3,5.0,2.7,2.9,2.6,3.5,CS_DATA_AI
VKU221337,3.23,3.45,3.64,3.31,3.4,3.73,3.76,2.86,3.42,4.6,4.3,1.3,3.1,2.2,3.4,CYBER_SECURITY
VKU221068,3.32,2.89,3.16,2.68,3.49,3.76,3.21,2.94,3.18,4.2,4.1,1.5,2.3,3.3,3.3,DEVOPS_CLOUD
VKU221476,3.37,3.8,2.97,3.23,3.22,4.0,4.0,3.23,3.48,4.3,4.9,1.5,2.3,2.6,4.0,CYBER_SECURITY
VKU220313,3.91,3.89,3.99,4.0,3.01,2.65,3.39,3.55,3.55,3.7,5.0,2.4,2.4,3.0,3.5,CS_DATA_AI
VKU220436,3.03,3.75,3.03,3.26,3.08,3.37,3.26,3.51,3.29,4.0,4.0,2.8,3.1,3.0,4.2,SE_FULLSTACK
VKU221899,3.0,2.29,3.3,3.02,3.64,2.68,2.25,2.9,2.88,2.3,4.4,3.4,3.0,4.9,4.6,DATA_ANALYTICS
VKU221329,3.65,3.89,3.37,3.57,3.62,3.72,4.0,2.59,3.55,4.8,4.6,1.8,2.4,2.7,4.3,CYBER_SECURITY
VKU220309,3.83,3.55,2.33,3.08,3.09,2.58,3.51,2.99,3.12,4.0,4.8,1.7,2.7,2.2,3.0,CS_DATA_AI
VKU220431,3.24,3.93,2.58,2.98,4.0,2.85,3.32,3.99,3.36,3.5,3.7,2.9,3.1,3.4,3.9,SE_FULLSTACK
VKU220661,3.59,3.39,2.71,3.17,3.6,3.19,3.14,3.73,3.31,4.5,4.1,3.7,3.5,3.4,3.7,SE_FULLSTACK
VKU220371,3.85,3.91,3.83,4.0,3.82,2.84,4.0,2.94,3.65,4.2,5.0,2.4,2.3,2.8,3.9,CS_DATA_AI
VKU220567,3.24,3.46,3.01,2.8,4.0,3.25,3.06,3.59,3.3,4.3,3.0,3.9,2.2,2.9,3.5,SE_FULLSTACK
VKU220980,3.13,2.85,2.52,3.19,3.27,3.07,4.0,3.32,3.17,4.8,3.7,2.3,2.1,2.9,4.7,DEVOPS_CLOUD
VKU220182,3.96,3.81,3.48,3.73,3.72,2.77,3.06,3.53,3.51,4.9,4.7,2.8,2.3,2.8,3.9,CS_DATA_AI
VKU221363,3.35,4.0,2.94,3.33,3.49,3.89,3.34,3.11,3.43,4.2,4.6,2.1,2.5,3.0,4.2,CYBER_SECURITY
VKU220622,3.62,3.91,3.58,3.19,3.5,3.24,3.24,4.0,3.54,4.1,3.0,3.3,2.4,2.7,3.3,SE_FULLSTACK
VKU220819,3.01,2.65,2.79,2.49,2.97,3.9,4.0,3.05,3.11,5.0,3.8,2.3,3.0,3.3,4.4,DEVOPS_CLOUD
VKU221193,3.08,2.9,3.51,2.03,2.76,3.75,4.0,2.72,3.09,4.8,3.3,2.4,2.0,2.9,5.0,DEVOPS_CLOUD
VKU220953,3.39,3.22,2.68,3.0,3.14,3.77,4.0,3.45,3.33,4.6,4.2,1.5,2.7,3.2,4.8,DEVOPS_CLOUD
VKU221422,3.25,3.11,3.35,2.85,2.76,3.72,3.05,2.47,3.07,4.1,4.2,1.5,1.8,2.4,4.0,CYBER_SECURITY
VKU221841,2.79,2.46,2.85,2.73,3.95,3.3,3.0,2.92,3.0,2.6,3.6,3.5,3.4,4.4,4.2,DATA_ANALYTICS
VKU220923,2.82,2.5,3.02,2.62,2.63,3.95,3.63,2.93,3.01,4.8,3.5,2.2,2.0,2.9,4.6,DEVOPS_CLOUD
VKU221074,3.25,3.35,3.46,3.11,2.74,3.61,4.0,2.82,3.29,4.7,3.5,1.8,2.4,3.3,4.6,DEVOPS_CLOUD
VKU220297,3.3,3.61,3.56,4.0,3.27,2.77,3.16,3.35,3.38,4.3,4.1,2.1,2.9,2.3,3.7,CS_DATA_AI
VKU220967,3.08,3.06,2.63,2.97,3.23,4.0,3.55,3.79,3.29,5.0,3.7,1.7,2.3,3.5,4.6,DEVOPS_CLOUD
VKU220462,3.58,3.68,2.67,3.38,3.59,2.73,2.31,4.0,3.24,4.6,3.4,3.3,3.3,2.9,4.3,SE_FULLSTACK
VKU221303,3.54,4.0,3.62,2.89,3.15,3.54,3.92,3.29,3.49,5.0,4.4,1.7,2.2,2.4,3.4,CYBER_SECURITY
VKU221177,3.08,3.15,3.04,2.66,2.87,3.92,4.0,3.43,3.27,5.0,3.7,1.3,2.6,2.6,4.1,DEVOPS_CLOUD
VKU220378,3.31,3.81,3.22,3.49,2.71,2.84,2.97,2.91,3.16,4.4,5.0,2.2,2.3,2.4,3.5,CS_DATA_AI
VKU220799,3.3,3.7,2.72,3.24,3.86,3.15,3.61,3.64,3.4,4.7,3.5,2.2,3.2,3.3,4.1,SE_FULLSTACK
VKU221103,2.9,3.03,2.32,2.9,3.29,3.44,3.83,3.32,3.13,4.9,4.0,1.8,2.4,2.8,4.1,DEVOPS_CLOUD
VKU220106,3.21,3.34,3.94,3.41,3.92,3.44,3.12,3.37,3.47,3.1,5.0,2.0,2.2,2.7,3.8,CS_DATA_AI
VKU220127,3.3,4.0,3.69,2.21,3.39,2.48,3.15,2.82,3.13,3.7,4.7,1.0,2.5,2.6,3.2,CS_DATA_AI
VKU221996,3.26,3.15,3.16,3.65,3.79,2.5,2.31,2.92,3.09,3.4,3.7,2.7,4.7,3.8,5.0,DATA_ANALYTICS
VKU220839,2.65,2.93,2.68,2.57,2.94,3.94,3.56,3.64,3.11,4.9,3.8,1.8,2.6,2.8,4.5,DEVOPS_CLOUD
VKU220356,3.3,3.27,3.46,3.71,3.42,2.54,3.25,3.74,3.34,3.5,5.0,3.1,2.4,2.8,4.1,CS_DATA_AI
VKU221617,3.7,3.02,2.92,3.57,4.0,2.39,2.46,3.25,3.16,2.3,3.3,3.0,3.9,4.2,3.9,DATA_ANALYTICS
VKU220683,3.38,3.59,2.8,3.19,3.18,3.55,3.24,3.27,3.28,4.1,4.0,3.4,3.3,3.2,3.8,SE_FULLSTACK
VKU220813,3.71,2.97,3.03,2.93,3.35,3.35,4.0,2.59,3.24,4.6,4.0,1.9,3.3,2.9,4.2,DEVOPS_CLOUD
VKU221681,3.37,2.78,3.61,3.38,3.83,2.22,2.73,2.78,3.09,3.1,4.2,2.1,2.5,4.1,4.6,DATA_ANALYTICS
VKU220210,3.21,4.0,4.0,3.91,3.58,3.81,3.25,2.99,3.59,3.5,4.4,2.0,2.3,2.5,3.6,CS_DATA_AI
VKU221493,3.57,3.87,2.95,3.54,3.63,3.14,3.63,3.4,3.47,4.8,4.7,1.5,1.4,2.9,3.7,CYBER_SECURITY
VKU220141,4.0,3.44,4.0,3.29,3.09,2.51,2.81,3.39,3.32,3.3,4.7,2.7,2.2,2.3,3.4,CS_DATA_AI
VKU221975,3.48,2.93,3.2,3.72,3.33,2.11,2.74,3.13,3.08,2.1,4.5,2.4,3.2,4.8,4.6,DATA_ANALYTICS
VKU221340,3.89,3.52,3.42,3.46,3.28,3.74,4.0,2.27,3.45,4.5,4.2,2.0,2.3,2.7,4.0,CYBER_SECURITY
VKU221798,3.57,2.39,2.54,4.0,3.5,2.76,2.96,2.53,3.03,2.1,4.0,2.9,3.3,4.2,5.0,DATA_ANALYTICS
VKU221575,3.13,3.48,3.39,3.39,2.74,3.66,3.44,3.24,3.31,4.5,4.2,1.6,1.2,2.4,4.8,CYBER_SECURITY
VKU221182,2.72,3.01,3.09,2.84,2.91,3.75,4.0,3.07,3.17,4.1,3.2,2.1,3.2,3.7,4.9,DEVOPS_CLOUD
VKU221394,2.85,3.6,3.27,3.74,3.02,3.54,3.26,3.26,3.32,3.7,4.3,1.4,1.6,2.8,4.3,CYBER_SECURITY
VKU221816,3.32,2.98,2.97,3.55,3.46,2.92,2.24,2.35,2.97,3.6,3.3,2.2,3.2,4.7,4.9,DATA_ANALYTICS
VKU220712,3.68,3.65,3.11,3.32,3.51,3.29,2.99,3.81,3.42,4.1,3.2,3.5,2.5,2.3,3.2,SE_FULLSTACK
VKU221794,3.39,2.65,3.43,3.72,4.0,2.47,3.0,2.56,3.15,2.3,3.9,2.8,3.4,5.0,4.4,DATA_ANALYTICS
VKU220893,3.2,3.66,3.31,3.08,3.61,3.04,4.0,2.99,3.36,4.7,3.6,1.7,2.6,2.7,4.2,DEVOPS_CLOUD
VKU220860,3.08,3.43,2.16,2.52,3.33,3.35,3.61,3.27,3.09,4.8,4.0,2.4,2.6,3.4,4.8,DEVOPS_CLOUD
VKU220011,3.91,3.34,2.87,3.86,3.84,2.87,3.47,3.45,3.45,3.3,3.9,2.3,2.0,2.6,3.3,CS_DATA_AI
VKU221695,3.52,3.48,2.99,3.39,3.21,2.2,3.25,3.81,3.23,2.5,3.3,2.7,3.4,4.5,3.8,DATA_ANALYTICS
VKU221428,3.42,3.59,2.66,3.27,3.13,3.81,3.67,2.75,3.29,4.7,5.0,1.1,2.4,3.3,3.9,CYBER_SECURITY
VKU220283,3.7,3.59,2.81,3.94,3.36,2.6,2.55,3.56,3.26,3.2,5.0,2.9,1.9,2.5,3.4,CS_DATA_AI
VKU220811,3.01,2.89,2.92,3.7,3.15,3.83,4.0,3.1,3.33,5.0,3.7,2.0,2.5,2.2,4.8,DEVOPS_CLOUD
VKU221342,3.08,3.63,3.36,3.9,3.44,3.19,3.89,3.0,3.44,4.5,4.2,1.5,1.2,2.1,3.8,CYBER_SECURITY
VKU220292,3.58,4.0,3.78,3.94,3.41,2.84,2.66,3.43,3.46,3.5,3.9,2.1,2.5,2.4,2.1,CS_DATA_AI
VKU220755,3.75,3.71,3.47,2.63,3.65,3.03,2.88,3.4,3.31,2.9,4.8,3.0,3.3,2.6,3.9,SE_FULLSTACK
VKU220627,3.63,3.71,2.78,2.91,3.38,3.21,3.44,3.45,3.31,4.2,4.2,3.4,3.7,2.3,4.2,SE_FULLSTACK
VKU220944,3.3,2.97,3.26,3.22,3.28,3.48,4.0,2.85,3.29,4.5,3.6,1.7,2.1,3.2,4.3,DEVOPS_CLOUD
VKU220862,3.08,3.7,3.26,3.0,2.3,4.0,3.97,2.87,3.27,4.5,4.1,1.8,3.2,2.4,5.0,DEVOPS_CLOUD
VKU220130,4.0,3.65,3.1,3.72,3.05,2.99,3.12,3.18,3.35,4.2,4.7,3.0,2.9,2.6,3.0,CS_DATA_AI
VKU221176,2.53,3.53,2.57,2.65,2.87,3.47,4.0,3.29,3.11,4.6,3.9,1.9,2.1,2.8,5.0,DEVOPS_CLOUD
VKU220324,3.35,3.47,3.78,4.0,3.3,2.17,3.3,2.49,3.23,4.7,4.9,1.7,2.9,2.9,3.5,CS_DATA_AI
VKU221091,3.16,2.88,3.03,2.75,3.1,3.69,3.95,2.96,3.19,4.6,4.4,1.0,3.0,2.6,4.2,DEVOPS_CLOUD
VKU220844,3.29,2.4,2.52,2.5,2.61,3.2,3.75,3.55,2.98,4.6,4.3,1.6,2.6,2.4,4.4,DEVOPS_CLOUD
VKU220964,3.21,2.41,3.35,3.02,3.47,3.5,3.97,3.11,3.25,4.4,3.4,1.0,2.4,3.4,4.7,DEVOPS_CLOUD
VKU221865,3.19,3.34,2.83,3.56,4.0,2.88,2.28,2.82,3.11,2.9,5.0,2.6,2.9,4.2,4.6,DATA_ANALYTICS
VKU220866,3.71,3.33,2.79,2.39,3.19,3.69,3.45,3.01,3.19,4.7,3.8,2.2,2.5,2.0,5.0,DEVOPS_CLOUD
VKU220922,3.06,3.03,2.46,2.79,3.21,4.0,3.44,2.58,3.07,5.0,4.1,1.4,2.1,3.0,3.9,DEVOPS_CLOUD
VKU220696,3.1,3.52,3.04,2.83,3.04,3.16,2.69,3.76,3.14,4.1,4.7,3.9,2.8,3.3,3.6,SE_FULLSTACK
VKU220216,3.75,3.89,3.36,3.48,3.69,2.93,2.68,3.43,3.4,3.9,4.5,2.5,2.6,3.2,4.1,CS_DATA_AI
VKU221781,3.38,3.32,2.88,3.26,3.78,2.67,2.91,2.21,3.05,2.4,4.4,1.8,3.4,4.8,4.7,DATA_ANALYTICS
VKU221262,3.69,2.79,3.21,3.1,2.99,3.85,3.16,2.51,3.16,4.6,4.7,1.3,1.8,3.1,5.0,CYBER_SECURITY
VKU220159,4.0,3.89,3.48,3.57,3.38,2.5,2.7,1.97,3.19,4.1,4.9,2.3,3.5,2.5,3.4,CS_DATA_AI
VKU221059,3.14,3.25,3.71,3.26,3.24,3.98,4.0,2.45,3.38,5.0,3.9,1.0,2.7,1.8,4.6,DEVOPS_CLOUD
VKU220989,3.14,2.81,2.89,3.52,3.28,3.62,3.9,2.76,3.24,5.0,4.1,1.9,2.8,3.0,4.8,DEVOPS_CLOUD
VKU220842,2.73,2.47,2.81,2.22,2.32,4.0,3.92,3.03,2.94,5.0,3.5,1.9,2.3,2.4,3.4,DEVOPS_CLOUD
VKU220635,3.4,3.75,2.89,3.29,4.0,2.7,3.22,3.86,3.39,4.2,3.5,3.2,3.3,2.4,3.7,SE_FULLSTACK
VKU220517,2.93,2.87,3.16,2.5,3.1,2.85,3.17,3.35,2.99,3.7,4.5,2.6,2.8,3.6,3.2,SE_FULLSTACK
VKU221429,3.54,3.27,3.17,3.26,2.6,4.0,3.61,3.07,3.31,4.5,4.3,1.8,2.7,2.2,3.8,CYBER_SECURITY
VKU221748,3.01,2.81,3.08,3.72,3.95,3.1,2.25,2.84,3.1,2.7,4.3,2.8,3.5,4.4,4.7,DATA_ANALYTICS
VKU220598,3.53,3.89,3.23,3.38,3.82,2.58,3.43,3.88,3.47,4.3,3.2,3.6,3.0,2.9,3.4,SE_FULLSTACK
VKU220196,3.34,4.0,3.52,3.97,3.09,2.93,3.71,3.55,3.51,4.0,4.6,2.4,2.5,2.8,4.2,CS_DATA_AI
VKU221784,2.99,4.0,2.97,3.95,4.0,2.19,2.39,2.46,3.12,3.7,3.9,3.3,3.1,5.0,4.8,DATA_ANALYTICS
VKU220870,3.46,3.53,2.7,3.04,3.31,3.54,4.0,3.39,3.37,4.4,4.5,1.6,2.1,2.9,3.9,DEVOPS_CLOUD
VKU220411,2.99,3.64,2.71,3.15,3.48,3.29,3.27,3.24,3.22,4.4,4.0,3.5,3.0,2.1,4.3,SE_FULLSTACK
VKU220097,3.39,2.77,3.26,3.73,3.31,3.03,2.33,3.07,3.11,3.0,5.0,2.5,2.5,3.2,3.1,CS_DATA_AI
VKU221001,3.26,3.03,3.0,2.47,3.28,4.0,3.02,3.56,3.2,4.8,3.5,1.7,2.2,3.3,3.4,DEVOPS_CLOUD
VKU221506,3.11,2.99,3.57,3.03,3.12,3.39,3.9,3.41,3.31,4.6,5.0,2.5,1.7,2.6,4.5,CYBER_SECURITY
VKU220157,3.73,3.68,3.68,4.0,3.48,2.71,2.63,2.49,3.3,3.9,5.0,2.7,2.1,2.0,2.9,CS_DATA_AI
VKU220420,3.91,3.59,2.8,2.79,2.76,3.57,2.85,4.0,3.28,4.5,3.4,3.4,3.4,2.6,4.2,SE_FULLSTACK
VKU221803,3.27,3.22,3.41,3.65,3.78,3.12,2.45,2.39,3.16,2.6,3.7,3.1,3.1,4.8,4.1,DATA_ANALYTICS
VKU220478,3.62,2.22,3.2,2.88,3.56,3.26,3.52,3.21,3.18,4.5,3.5,2.3,3.3,2.9,4.0,SE_FULLSTACK
VKU221856,3.19,2.54,2.81,3.66,4.0,2.21,2.32,3.2,2.99,2.4,4.0,3.4,3.5,4.4,4.7,DATA_ANALYTICS
VKU220669,2.92,3.74,2.89,2.58,3.73,3.64,2.86,4.0,3.29,4.3,4.0,2.9,3.7,3.7,4.8,SE_FULLSTACK
VKU221418,3.29,3.38,3.04,3.22,3.24,3.44,4.0,2.82,3.3,3.8,4.8,1.1,2.2,2.8,3.8,CYBER_SECURITY
VKU221872,3.15,3.07,2.92,3.88,4.0,2.57,2.77,2.06,3.05,2.8,4.8,3.3,3.6,4.1,4.8,DATA_ANALYTICS
VKU221300,3.61,3.74,3.73,3.45,2.71,4.0,3.5,3.84,3.57,4.3,4.8,2.4,2.4,2.5,4.6,CYBER_SECURITY
VKU220448,3.59,3.8,3.16,2.8,3.18,3.72,2.99,4.0,3.41,4.5,3.7,3.4,3.5,2.9,3.6,SE_FULLSTACK
VKU220554,3.74,3.61,3.27,3.15,3.64,2.95,3.02,4.0,3.42,4.5,4.8,3.1,2.4,3.3,3.9,SE_FULLSTACK
VKU220179,3.87,3.22,3.03,3.55,3.24,2.94,2.65,3.0,3.19,3.2,4.8,1.3,2.4,3.5,3.1,CS_DATA_AI
VKU220391,4.0,3.66,2.09,3.86,3.02,2.08,2.58,3.58,3.11,4.3,4.6,2.9,2.8,2.3,4.5,CS_DATA_AI
VKU220579,3.52,3.6,2.84,3.35,4.0,2.96,3.2,3.84,3.41,4.6,4.1,3.7,3.0,2.6,4.5,SE_FULLSTACK
VKU221478,3.51,3.49,3.12,3.08,3.25,4.0,3.73,2.68,3.36,5.0,4.2,2.7,3.0,2.6,4.7,CYBER_SECURITY
VKU221707,2.53,3.33,2.92,3.52,3.58,2.35,2.77,2.49,2.94,3.1,5.0,2.5,3.6,4.1,5.0,DATA_ANALYTICS
VKU221288,3.2,3.53,3.93,3.73,2.43,3.91,3.52,2.76,3.38,4.1,4.2,2.1,1.4,2.8,3.9,CYBER_SECURITY
VKU221645,3.39,2.66,2.99,3.8,3.66,2.7,1.99,3.28,3.06,2.8,4.3,3.8,3.5,4.2,4.7,DATA_ANALYTICS
VKU221024,3.54,3.18,2.87,3.52,2.77,4.0,4.0,3.48,3.42,5.0,4.5,2.3,2.3,3.4,4.0,DEVOPS_CLOUD
VKU220821,3.38,3.22,2.54,2.41,2.78,3.5,3.28,3.88,3.12,4.2,3.9,2.0,2.1,2.2,4.0,DEVOPS_CLOUD
VKU221825,3.54,2.86,2.64,3.48,4.0,2.64,2.27,2.77,3.02,3.3,4.2,2.9,2.7,4.8,4.6,DATA_ANALYTICS
VKU220985,2.19,3.52,2.43,2.85,3.22,3.42,4.0,3.47,3.14,3.9,4.1,1.0,2.1,3.4,4.8,DEVOPS_CLOUD
VKU221339,2.94,3.08,2.83,2.99,2.91,4.0,3.71,2.42,3.11,4.1,5.0,1.8,1.8,2.8,4.0,CYBER_SECURITY
VKU220665,3.4,3.22,3.04,2.85,2.86,2.66,2.06,4.0,3.01,3.9,4.1,3.1,3.0,2.6,4.5,SE_FULLSTACK
VKU220143,4.0,3.98,3.48,3.28,3.71,2.67,2.79,2.71,3.33,3.8,5.0,1.9,2.4,2.6,3.3,CS_DATA_AI
VKU221517,3.72,3.39,3.75,3.82,3.07,3.55,3.54,3.59,3.55,4.0,4.6,1.6,2.1,2.4,4.6,CYBER_SECURITY
VKU221430,2.73,3.08,3.21,2.81,3.18,3.49,3.23,2.34,3.01,5.0,4.3,1.0,2.2,2.4,4.2,CYBER_SECURITY
VKU220865,2.3,3.69,2.97,2.62,2.52,3.64,3.46,2.83,3.0,5.0,4.2,1.6,2.7,2.1,4.2,DEVOPS_CLOUD
VKU220422,3.66,4.0,2.71,2.73,3.39,2.98,2.74,3.5,3.21,4.0,4.9,3.4,2.8,2.6,3.7,SE_FULLSTACK
VKU220637,2.48,3.78,2.72,2.27,2.81,2.7,3.21,3.8,2.97,4.0,3.4,3.1,2.8,2.1,3.4,SE_FULLSTACK
VKU221407,2.86,3.31,3.44,2.98,3.32,4.0,3.76,2.86,3.32,4.3,5.0,1.6,1.8,2.2,4.3,CYBER_SECURITY
VKU220800,2.63,4.0,2.76,2.72,3.26,2.74,3.06,4.0,3.15,4.1,3.6,2.7,3.2,2.9,3.9,SE_FULLSTACK
VKU221404,2.96,3.8,2.95,2.99,3.06,4.0,3.56,2.77,3.26,3.9,5.0,2.0,2.0,3.4,3.5,CYBER_SECURITY
VKU220616,3.47,3.7,3.3,3.29,3.18,3.66,3.65,3.78,3.5,3.6,3.4,3.6,2.7,3.0,4.5,SE_FULLSTACK
VKU220295,3.74,3.91,3.33,4.0,2.98,2.61,3.15,3.3,3.38,3.1,5.0,1.9,2.4,2.4,3.6,CS_DATA_AI
VKU220924,3.56,2.41,3.19,3.02,3.06,3.77,3.36,2.95,3.17,5.0,3.3,1.4,1.8,2.6,5.0,DEVOPS_CLOUD
VKU221269,3.22,3.47,2.95,3.41,3.38,3.9,3.35,3.32,3.38,4.1,4.1,1.0,1.9,3.1,4.3,CYBER_SECURITY
VKU221903,3.65,2.54,2.64,3.18,3.53,2.5,2.5,2.66,2.9,3.2,3.8,3.2,3.1,3.7,4.9,DATA_ANALYTICS
VKU220089,3.51,3.2,3.54,3.89,3.08,2.87,2.79,3.09,3.25,3.2,4.6,1.5,2.7,2.6,2.8,CS_DATA_AI
VKU220042,3.36,2.97,3.31,3.76,2.95,2.43,2.32,2.68,2.97,3.7,4.2,3.2,2.1,3.1,4.2,CS_DATA_AI
VKU221802,3.4,3.31,2.68,3.35,3.74,2.58,2.67,3.18,3.11,2.7,4.1,3.0,2.9,3.7,3.9,DATA_ANALYTICS
VKU221934,3.29,2.93,3.28,3.75,3.47,2.74,2.69,2.85,3.12,2.6,3.8,2.6,3.9,5.0,4.7,DATA_ANALYTICS
VKU220132,3.31,3.29,2.97,3.92,3.55,3.07,2.67,3.6,3.3,3.7,4.8,2.0,2.4,2.0,4.0,CS_DATA_AI
VKU221002,2.87,2.99,2.23,2.86,3.08,3.29,3.96,3.34,3.08,5.0,3.7,1.2,2.6,2.1,3.9,DEVOPS_CLOUD
VKU221158,3.25,3.15,1.73,2.63,3.0,3.63,3.81,3.06,3.03,5.0,3.9,1.0,2.1,3.4,4.3,DEVOPS_CLOUD
VKU221095,3.13,2.56,2.9,2.5,3.57,4.0,3.88,2.6,3.14,4.3,3.7,1.5,2.9,2.7,4.1,DEVOPS_CLOUD
VKU221855,2.73,3.25,2.58,3.58,3.97,2.86,2.58,2.46,3.0,2.3,4.0,2.9,4.1,3.7,4.3,DATA_ANALYTICS
VKU221345,2.68,3.38,3.27,3.08,3.27,4.0,3.75,2.82,3.28,4.4,5.0,1.7,3.7,3.3,4.2,CYBER_SECURITY
VKU221499,3.37,3.69,4.0,2.67,2.51,3.81,3.55,3.14,3.34,4.9,4.4,2.0,3.1,2.1,4.4,CYBER_SECURITY
VKU220165,3.57,3.44,3.26,3.17,2.91,2.85,3.35,3.36,3.24,4.6,4.7,2.0,2.8,2.6,3.7,CS_DATA_AI
VKU220725,3.95,3.55,3.91,3.53,3.38,3.64,3.52,3.9,3.67,3.8,4.3,3.0,3.8,2.6,4.4,SE_FULLSTACK
VKU220291,3.29,3.68,3.53,4.0,3.36,1.9,2.78,3.34,3.23,3.9,5.0,1.9,2.1,2.9,3.5,CS_DATA_AI
VKU221209,3.09,2.8,2.94,3.48,3.25,3.93,4.0,3.12,3.33,4.7,4.9,1.4,2.2,2.5,4.0,CYBER_SECURITY
VKU221589,2.28,4.0,2.53,2.83,3.15,3.92,4.0,3.09,3.22,4.5,4.5,1.8,1.9,2.3,3.9,CYBER_SECURITY
VKU221897,3.56,2.84,3.41,3.65,3.13,2.36,3.08,2.8,3.1,2.3,4.9,3.3,3.5,4.4,4.7,DATA_ANALYTICS
VKU221642,3.53,3.48,3.07,2.69,3.88,2.23,2.48,2.79,3.02,3.0,4.1,2.5,3.8,4.3,4.7,DATA_ANALYTICS
VKU221362,3.44,3.32,3.39,3.22,4.0,3.68,3.53,2.76,3.42,4.7,5.0,1.4,1.3,2.9,4.8,CYBER_SECURITY
VKU220779,3.25,3.41,2.83,3.06,3.89,3.68,3.46,3.79,3.42,4.5,3.3,3.0,2.6,4.0,3.4,SE_FULLSTACK
VKU220840,3.88,2.95,3.13,2.66,3.55,3.17,3.99,3.69,3.38,4.5,3.8,2.2,2.4,2.6,4.9,DEVOPS_CLOUD
VKU220349,3.29,3.01,3.42,3.66,3.34,2.7,2.32,3.05,3.1,3.4,4.7,2.8,2.0,3.1,3.3,CS_DATA_AI
VKU221945,3.67,2.75,3.01,3.51,4.0,2.5,1.75,2.89,3.01,3.2,4.5,2.5,3.9,4.6,4.6,DATA_ANALYTICS
VKU220572,3.47,3.86,3.57,2.66,3.65,3.67,2.66,4.0,3.44,4.1,4.2,3.6,2.3,3.1,3.7,SE_FULLSTACK
VKU220918,3.19,3.16,2.83,2.2,2.91,3.59,3.88,3.47,3.15,4.3,3.7,1.9,2.7,2.4,3.3,DEVOPS_CLOUD
VKU220977,2.96,2.78,2.31,3.27,3.41,3.31,3.49,2.76,3.04,4.0,3.8,2.1,2.4,3.2,4.8,DEVOPS_CLOUD
VKU221914,2.76,2.86,2.99,3.73,4.0,2.0,2.88,2.58,2.98,2.8,4.3,3.1,2.9,4.8,5.0,DATA_ANALYTICS
VKU221469,3.65,3.33,3.53,3.61,3.1,4.0,3.18,2.73,3.39,5.0,4.7,1.9,1.4,3.1,4.1,CYBER_SECURITY
VKU221592,3.27,3.22,2.84,2.46,2.98,2.62,3.65,2.14,2.9,4.6,5.0,1.5,2.1,2.5,4.5,CYBER_SECURITY
VKU221318,3.25,3.36,2.7,3.13,3.25,3.5,4.0,3.11,3.29,4.2,4.3,1.8,2.8,2.5,3.4,CYBER_SECURITY
VKU221845,3.24,3.39,3.03,3.46,3.81,2.52,2.98,2.38,3.1,2.6,3.5,3.7,4.2,4.4,5.0,DATA_ANALYTICS
VKU220137,3.25,4.0,3.41,3.59,3.87,3.29,2.88,2.8,3.39,4.1,4.7,2.4,1.6,2.4,4.1,CS_DATA_AI
VKU220459,4.0,3.24,2.0,2.73,4.0,2.82,2.85,3.77,3.18,3.6,2.6,4.0,3.0,3.5,4.4,SE_FULLSTACK
VKU220376,3.46,3.61,3.25,3.52,2.94,2.87,2.83,3.41,3.24,3.8,5.0,1.6,3.1,2.4,4.2,CS_DATA_AI
VKU221343,3.01,3.66,3.43,2.84,3.54,3.86,3.43,2.85,3.33,4.6,4.5,1.4,2.6,2.4,3.5,CYBER_SECURITY
VKU220334,3.95,3.5,3.95,2.91,3.46,2.73,3.42,3.34,3.41,3.7,4.2,2.6,2.4,2.8,3.4,CS_DATA_AI
VKU221160,3.47,2.94,3.21,2.81,2.77,3.15,4.0,2.63,3.12,4.9,4.1,2.0,2.0,2.4,4.5,DEVOPS_CLOUD
VKU221761,3.3,2.31,2.79,3.41,4.0,2.68,2.48,3.04,3.0,2.3,3.8,3.5,3.6,4.1,5.0,DATA_ANALYTICS
VKU221458,3.29,3.92,3.49,3.31,2.57,4.0,3.31,2.67,3.32,4.5,5.0,1.5,1.8,2.6,3.9,CYBER_SECURITY
VKU220817,2.96,3.15,2.36,2.93,3.11,3.3,3.36,3.72,3.11,4.9,4.0,1.6,2.9,2.4,4.7,DEVOPS_CLOUD
VKU221115,3.13,3.36,2.15,3.19,3.56,3.34,3.22,2.66,3.08,4.3,3.3,2.5,2.6,3.0,4.3,DEVOPS_CLOUD
VKU221006,3.04,3.0,2.98,2.48,3.02,3.36,3.64,3.73,3.16,4.7,3.5,1.4,2.3,3.0,3.6,DEVOPS_CLOUD
VKU221857,3.37,2.53,2.66,3.73,3.9,2.99,2.75,2.84,3.1,3.2,3.8,3.1,3.9,3.8,4.8,DATA_ANALYTICS
VKU221955,3.15,2.93,2.94,3.67,4.0,2.86,2.66,3.01,3.15,3.1,3.4,3.0,2.9,4.6,4.9,DATA_ANALYTICS
VKU221851,3.37,3.37,2.94,3.23,3.6,2.63,1.66,2.64,2.93,2.5,5.0,3.5,3.6,4.4,4.7,DATA_ANALYTICS
VKU220911,3.25,2.97,2.5,2.67,2.7,3.21,3.91,3.58,3.1,5.0,3.0,1.7,2.6,3.6,4.2,DEVOPS_CLOUD
VKU221930,3.92,2.37,2.98,4.0,3.65,2.07,2.75,3.38,3.14,2.0,4.1,2.7,4.1,3.8,4.7,DATA_ANALYTICS
VKU221126,3.38,2.76,2.09,2.94,3.44,4.0,3.99,2.99,3.2,4.0,4.9,1.1,2.3,3.2,4.1,DEVOPS_CLOUD
VKU220329,3.49,3.2,3.46,4.0,3.21,2.41,2.64,2.95,3.17,3.5,4.7,3.1,2.3,1.5,3.8,CS_DATA_AI
VKU221248,3.83,3.12,3.01,2.97,2.8,4.0,3.3,3.05,3.26,4.1,4.4,1.7,2.0,2.6,3.5,CYBER_SECURITY
VKU220319,3.84,2.79,3.75,4.0,3.44,3.26,3.34,3.33,3.47,4.2,5.0,2.2,2.2,3.2,3.0,CS_DATA_AI
VKU221690,3.35,2.57,2.48,3.24,4.0,2.34,2.79,2.91,2.96,2.3,4.1,2.5,3.3,4.5,4.1,DATA_ANALYTICS
VKU221359,3.61,3.67,3.64,3.5,3.1,3.54,2.93,2.4,3.3,3.5,4.9,1.1,2.6,2.0,3.2,CYBER_SECURITY
VKU221733,3.38,2.56,2.77,3.16,3.51,2.04,2.81,3.45,2.96,2.5,4.7,2.6,3.9,4.3,4.9,DATA_ANALYTICS
VKU220168,3.91,4.0,3.55,4.0,3.47,3.63,2.5,3.1,3.52,3.7,4.9,1.8,2.1,2.1,4.0,CS_DATA_AI
VKU220013,3.33,4.0,3.61,3.14,3.43,3.38,2.74,3.45,3.38,4.1,4.9,2.0,1.5,2.4,3.6,CS_DATA_AI
VKU221927,3.28,3.57,3.17,3.78,4.0,2.5,2.57,2.59,3.18,2.6,3.8,2.3,3.2,3.4,5.0,DATA_ANALYTICS
VKU220172,3.35,3.05,3.84,2.16,3.24,2.65,2.53,3.74,3.07,3.8,4.8,1.8,2.9,2.0,3.2,CS_DATA_AI
VKU220650,3.51,3.84,3.76,3.0,4.0,3.12,3.33,4.0,3.57,4.1,4.1,3.5,3.0,2.9,4.0,SE_FULLSTACK
VKU221062,3.59,3.01,2.15,2.98,3.19,3.64,3.32,3.43,3.16,4.7,3.3,1.6,3.4,2.9,4.0,DEVOPS_CLOUD
VKU220261,3.81,2.77,3.74,3.32,3.59,3.23,3.21,2.5,3.27,3.6,3.8,3.1,2.7,2.9,3.1,CS_DATA_AI
VKU221367,3.3,3.35,2.86,3.56,3.38,3.74,3.62,2.81,3.33,4.7,4.6,1.1,2.5,2.5,3.7,CYBER_SECURITY
VKU221549,2.75,3.43,3.28,4.0,3.04,3.44,3.96,3.11,3.38,4.0,3.8,2.0,2.1,3.0,4.4,CYBER_SECURITY
VKU220902,3.23,3.03,3.19,3.36,2.74,4.0,3.72,3.0,3.28,4.2,4.6,2.5,2.1,2.7,5.0,DEVOPS_CLOUD
VKU220673,3.08,3.59,2.66,2.85,3.48,3.24,2.84,3.8,3.19,5.0,3.3,2.4,3.1,3.5,2.9,SE_FULLSTACK
VKU220259,3.32,3.56,3.49,4.0,3.61,2.73,2.86,3.39,3.37,3.1,4.4,1.8,2.2,2.9,2.7,CS_DATA_AI
VKU220845,3.23,2.98,2.84,3.52,3.32,4.0,3.8,3.2,3.36,4.9,3.2,1.7,3.4,2.7,4.0,DEVOPS_CLOUD
VKU220868,3.18,3.26,2.26,3.23,2.62,3.88,3.55,3.35,3.17,4.1,3.1,1.6,2.6,2.2,4.5,DEVOPS_CLOUD
VKU221800,3.35,2.22,2.62,3.93,3.92,2.95,2.14,2.19,2.92,3.7,4.2,2.8,3.2,4.3,3.6,DATA_ANALYTICS
VKU220139,3.8,2.87,3.56,4.0,3.27,2.18,3.32,2.91,3.24,4.6,4.5,3.0,2.8,2.8,3.7,CS_DATA_AI
VKU220894,3.06,3.74,3.1,2.61,3.56,3.87,3.5,2.99,3.3,4.7,3.4,2.4,2.9,3.3,4.7,DEVOPS_CLOUD
VKU221838,3.16,2.41,3.22,3.76,3.82,2.42,2.67,2.64,3.01,4.1,3.7,2.6,4.3,3.8,4.3,DATA_ANALYTICS
VKU220550,3.17,3.86,3.57,2.16,3.34,2.73,3.08,3.32,3.15,4.3,4.3,3.9,3.5,3.8,3.6,SE_FULLSTACK
VKU220320,3.75,3.02,3.87,3.61,3.74,2.97,2.57,3.6,3.39,3.5,4.5,2.3,2.1,3.4,3.6,CS_DATA_AI
VKU221527,3.07,2.88,3.62,3.34,3.37,4.0,4.0,3.23,3.44,4.1,3.8,1.9,2.2,3.2,4.4,CYBER_SECURITY
VKU221806,2.71,2.01,2.96,3.0,3.82,2.21,3.25,2.47,2.8,3.0,4.0,3.0,4.1,4.6,4.6,DATA_ANALYTICS
VKU221178,3.22,3.36,2.76,3.05,3.29,4.0,4.0,3.02,3.34,4.3,3.8,2.3,2.9,2.3,5.0,DEVOPS_CLOUD
VKU220559,3.98,3.4,3.57,2.79,3.32,3.11,3.31,3.73,3.4,4.0,4.0,3.2,2.3,3.0,3.2,SE_FULLSTACK
VKU220140,3.74,2.83,3.4,4.0,3.28,3.4,3.33,2.97,3.37,4.5,4.5,2.1,2.3,3.5,4.2,CS_DATA_AI
VKU221735,2.88,3.4,3.06,3.29,3.69,2.42,2.83,2.75,3.04,2.8,4.9,2.9,3.4,4.4,4.2,DATA_ANALYTICS
VKU220532,3.34,3.6,3.34,2.93,3.21,2.67,2.86,3.52,3.18,4.8,3.8,2.8,3.1,3.4,3.4,SE_FULLSTACK
VKU220225,3.53,3.45,3.53,3.65,3.07,3.02,2.49,2.47,3.15,4.0,4.2,2.6,2.7,2.2,3.0,CS_DATA_AI
VKU220724,3.61,3.41,3.25,2.18,2.47,3.55,2.68,3.51,3.08,4.0,4.3,3.3,2.9,2.3,3.3,SE_FULLSTACK
VKU220787,3.72,3.19,2.8,3.29,3.67,3.12,2.85,3.77,3.3,3.8,3.8,3.4,3.2,2.6,3.2,SE_FULLSTACK
VKU221718,3.48,2.98,3.59,3.63,3.94,2.71,2.42,2.82,3.2,2.7,3.7,2.4,3.6,4.0,4.4,DATA_ANALYTICS
VKU221008,2.73,3.42,3.38,2.3,3.77,3.37,4.0,3.42,3.3,5.0,3.9,1.6,2.5,2.7,4.4,DEVOPS_CLOUD
VKU220410,3.72,3.21,3.21,2.49,3.54,3.48,2.69,3.24,3.2,4.0,3.4,3.8,2.2,3.4,4.0,SE_FULLSTACK
VKU220326,3.36,3.99,3.44,3.99,3.29,2.19,3.43,2.79,3.31,3.0,4.7,1.5,2.7,2.2,3.1,CS_DATA_AI
VKU221766,3.69,2.25,2.63,3.69,3.39,2.76,2.32,2.56,2.91,3.3,4.1,3.9,3.3,4.7,4.2,DATA_ANALYTICS
VKU220300,3.86,3.54,3.38,4.0,3.26,2.96,3.25,4.0,3.53,4.0,4.2,2.3,2.3,2.3,3.5,CS_DATA_AI
VKU221263,3.51,3.52,2.61,3.76,2.69,3.86,3.85,2.65,3.31,3.6,4.3,1.6,1.9,2.8,4.4,CYBER_SECURITY
VKU221946,3.04,3.19,3.11,3.48,4.0,2.78,2.59,2.93,3.14,2.5,4.0,1.9,3.1,3.7,4.4,DATA_ANALYTICS
VKU220026,4.0,3.28,4.0,4.0,3.38,3.09,2.37,3.03,3.39,3.5,4.4,1.9,2.0,2.6,3.1,CS_DATA_AI
VKU221859,3.12,2.65,1.98,3.31,3.67,2.06,2.8,2.74,2.79,3.2,4.2,2.9,3.8,3.9,4.5,DATA_ANALYTICS
VKU220715,3.48,2.43,2.66,3.01,3.17,3.16,3.53,3.82,3.16,4.3,4.3,2.7,3.1,3.6,4.6,SE_FULLSTACK
VKU221010,3.41,3.64,2.88,2.94,3.27,3.41,3.96,2.74,3.28,5.0,3.8,1.5,2.8,2.4,4.3,DEVOPS_CLOUD
VKU220194,3.93,3.48,3.38,3.14,3.64,2.96,3.24,3.63,3.42,3.8,4.8,2.8,1.8,2.4,3.2,CS_DATA_AI
VKU220441,3.09,3.65,3.41,2.8,3.57,4.0,2.84,3.75,3.39,4.4,3.8,4.0,2.6,3.8,3.9,SE_FULLSTACK
VKU220574,3.43,3.69,2.4,3.27,3.5,3.35,2.79,3.57,3.25,4.2,3.5,2.9,2.2,3.3,3.9,SE_FULLSTACK
VKU220947,3.09,2.97,2.83,3.0,3.31,3.96,3.92,3.2,3.29,4.1,4.3,1.8,1.8,2.7,3.7,DEVOPS_CLOUD
VKU220998,2.91,3.47,2.98,2.97,3.83,3.54,4.0,3.12,3.35,4.9,4.4,1.3,2.1,4.0,3.9,DEVOPS_CLOUD
VKU220504,4.0,4.0,3.13,2.77,2.84,3.35,2.8,4.0,3.36,3.7,3.8,3.6,2.5,2.9,3.9,SE_FULLSTACK
VKU220606,3.1,3.71,3.51,2.99,3.74,2.52,3.0,3.81,3.3,4.5,3.9,3.4,2.5,3.2,4.9,SE_FULLSTACK
VKU221717,3.66,2.62,2.46,3.73,3.23,2.44,2.74,2.77,2.96,1.8,3.5,3.2,4.1,3.8,4.7,DATA_ANALYTICS
VKU221164,2.22,2.44,2.87,1.89,3.5,3.77,3.4,3.41,2.94,4.8,4.0,1.2,3.0,2.6,4.3,DEVOPS_CLOUD
VKU221787,3.16,2.98,3.0,3.05,3.77,2.67,2.28,2.96,2.98,2.6,4.0,3.1,3.1,4.4,4.4,DATA_ANALYTICS
VKU220847,3.36,2.97,2.34,3.29,3.34,4.0,3.84,3.0,3.27,4.7,3.9,1.3,2.4,2.6,5.0,DEVOPS_CLOUD
VKU220004,3.89,3.6,3.84,3.98,4.0,1.68,3.05,3.06,3.39,3.4,4.8,2.6,3.4,3.3,3.9,CS_DATA_AI
VKU221287,3.86,2.92,3.71,2.98,3.26,4.0,2.8,2.81,3.29,4.0,5.0,1.1,2.6,2.5,4.0,CYBER_SECURITY
VKU221223,2.22,4.0,2.84,2.67,3.25,3.91,3.72,3.11,3.21,4.4,5.0,1.7,2.3,2.1,4.5,CYBER_SECURITY
VKU220468,3.67,3.58,3.06,3.03,3.93,2.84,2.97,4.0,3.38,4.3,3.0,3.6,2.3,2.4,4.0,SE_FULLSTACK
VKU220322,3.43,3.38,3.67,4.0,3.24,3.03,2.81,2.73,3.29,4.1,4.1,2.4,3.2,2.5,2.9,CS_DATA_AI
VKU220006,3.54,3.64,3.59,3.67,2.63,2.79,3.02,3.96,3.35,3.7,4.7,2.2,1.9,3.1,3.8,CS_DATA_AI
VKU220223,3.43,3.88,3.91,4.0,3.28,2.61,3.18,2.79,3.38,4.1,4.3,2.3,2.3,2.5,3.8,CS_DATA_AI
VKU221375,3.51,2.75,3.22,2.89,3.13,3.76,3.05,2.61,3.12,4.3,3.9,1.7,1.9,2.5,3.9,CYBER_SECURITY
VKU220548,3.52,3.94,3.34,3.02,3.81,3.22,3.49,4.0,3.54,3.4,4.3,4.0,2.6,2.5,3.9,SE_FULLSTACK
VKU220229,3.03,3.42,3.52,3.92,3.19,2.47,3.52,3.0,3.26,4.1,4.5,1.9,3.1,2.2,3.5,CS_DATA_AI
VKU220040,3.61,3.5,3.4,3.74,2.86,3.71,2.71,3.32,3.36,4.1,5.0,2.2,2.1,3.6,3.7,CS_DATA_AI
VKU220543,3.07,3.2,3.72,2.58,3.18,3.39,2.44,3.99,3.2,5.0,4.0,3.4,3.1,2.2,3.2,SE_FULLSTACK
VKU220243,3.76,3.32,3.05,2.85,3.15,2.76,3.68,2.17,3.09,3.6,5.0,2.7,3.0,3.2,3.4,CS_DATA_AI
VKU220899,3.07,3.2,2.9,2.44,3.83,3.51,4.0,3.29,3.28,3.9,4.5,2.2,2.4,2.9,3.8,DEVOPS_CLOUD
VKU221134,3.08,3.13,2.22,3.0,3.26,3.86,3.66,3.66,3.23,3.4,4.0,1.5,1.6,3.0,4.3,DEVOPS_CLOUD
VKU221449,3.04,3.01,3.33,2.9,2.99,3.52,3.65,2.87,3.16,4.8,3.9,1.4,2.6,2.1,4.2,CYBER_SECURITY
VKU221869,3.01,2.82,2.84,3.89,3.48,2.15,3.17,3.25,3.08,2.8,4.4,3.0,3.4,3.8,5.0,DATA_ANALYTICS
VKU220843,3.52,3.71,3.03,2.72,3.58,3.06,3.56,2.7,3.24,4.3,3.9,1.5,3.0,2.6,4.2,DEVOPS_CLOUD
VKU221419,3.34,3.61,3.65,3.59,2.99,4.0,3.48,3.12,3.47,4.9,5.0,2.0,1.9,2.9,3.8,CYBER_SECURITY
VKU221654,2.78,1.93,2.78,3.94,3.64,2.15,2.78,3.08,2.88,2.9,4.7,3.0,3.6,3.6,4.9,DATA_ANALYTICS
VKU221970,3.11,2.8,3.64,3.61,2.93,3.35,2.27,3.08,3.1,2.2,4.2,2.6,3.3,3.8,4.3,DATA_ANALYTICS
VKU220662,3.11,4.0,2.39,3.02,3.66,2.93,2.95,3.49,3.19,3.9,4.2,2.8,3.2,3.8,4.1,SE_FULLSTACK
VKU221211,3.27,3.58,2.79,3.22,3.38,3.78,3.37,3.11,3.31,3.8,4.2,2.1,2.6,3.1,4.7,CYBER_SECURITY
VKU220315,3.91,3.0,3.37,3.88,3.27,2.91,3.15,3.07,3.32,4.0,4.3,1.6,3.1,2.8,3.4,CS_DATA_AI
VKU220692,3.57,3.93,2.66,3.47,2.63,2.62,3.42,3.59,3.24,4.3,3.3,3.5,2.0,3.3,4.1,SE_FULLSTACK
VKU221504,3.88,3.43,3.33,3.91,2.83,3.28,4.0,3.12,3.47,4.5,4.9,2.1,2.0,2.0,5.0,CYBER_SECURITY
VKU220425,4.0,3.82,2.52,2.56,3.9,3.55,3.48,3.78,3.45,3.7,4.3,4.0,4.0,3.1,3.3,SE_FULLSTACK
VKU220595,3.4,3.71,2.87,2.92,3.46,2.92,3.29,4.0,3.32,3.7,4.1,3.5,2.6,3.0,4.2,SE_FULLSTACK
VKU221964,2.51,2.69,3.12,3.19,4.0,2.99,3.16,2.93,3.07,2.3,4.0,3.5,3.4,3.9,4.5,DATA_ANALYTICS
VKU220623,3.05,3.25,2.61,3.16,3.85,3.13,3.66,3.67,3.3,3.0,3.5,3.6,3.0,2.9,3.4,SE_FULLSTACK
VKU221171,2.61,2.92,3.1,2.77,2.9,3.61,3.62,3.34,3.11,4.0,4.2,2.4,2.4,2.3,3.9,DEVOPS_CLOUD
VKU221044,3.62,2.84,2.87,2.79,3.01,4.0,4.0,3.16,3.29,4.5,4.4,2.1,2.5,3.2,4.6,DEVOPS_CLOUD
VKU220228,3.43,3.13,4.0,3.42,3.06,1.78,2.29,2.11,2.9,3.7,5.0,2.5,3.1,2.0,3.5,CS_DATA_AI
VKU221118,3.26,2.89,3.29,2.98,2.42,3.7,3.71,3.5,3.22,4.2,3.8,2.0,2.2,2.1,5.0,DEVOPS_CLOUD
VKU221332,3.45,3.62,3.34,4.0,3.04,3.74,3.33,2.61,3.39,4.5,4.8,1.6,2.4,2.4,5.0,CYBER_SECURITY
VKU221316,3.44,3.23,3.27,3.53,3.03,3.48,4.0,2.77,3.34,3.8,4.3,2.3,3.1,2.8,4.6,CYBER_SECURITY
VKU220067,3.7,3.22,3.16,3.85,3.06,2.78,2.8,2.96,3.19,3.9,4.3,2.2,2.1,1.9,3.9,CS_DATA_AI
VKU220025,4.0,3.59,3.64,3.43,2.89,2.22,3.09,2.65,3.19,3.1,4.7,2.0,1.5,3.2,2.9,CS_DATA_AI
VKU220145,3.51,3.34,3.07,3.35,3.89,3.18,3.48,3.68,3.44,3.7,4.9,3.1,2.2,1.7,3.8,CS_DATA_AI
VKU220537,3.66,4.0,3.24,2.83,3.7,2.95,3.08,4.0,3.43,4.3,4.0,2.8,2.8,3.1,3.3,SE_FULLSTACK
VKU220812,3.11,3.28,2.7,3.09,3.07,3.81,4.0,3.29,3.29,4.7,3.6,1.9,2.4,2.5,3.5,DEVOPS_CLOUD
VKU221467,3.08,3.55,3.53,3.49,3.24,3.76,3.52,2.56,3.34,4.7,4.5,1.4,2.5,3.1,4.2,CYBER_SECURITY
VKU220086,3.82,3.89,3.74,4.0,3.69,2.76,2.81,3.07,3.47,4.1,4.4,2.4,2.3,2.9,3.8,CS_DATA_AI
VKU221661,3.18,2.76,3.14,3.18,3.91,3.0,3.31,2.86,3.17,3.2,4.0,2.4,3.6,4.6,4.8,DATA_ANALYTICS
VKU221646,3.76,3.75,2.87,3.57,2.98,2.71,2.88,3.06,3.2,2.8,3.2,3.0,2.7,4.2,4.4,DATA_ANALYTICS
VKU221805,2.94,2.62,2.97,3.72,4.0,2.18,2.85,2.98,3.03,3.2,3.8,3.0,3.1,4.7,4.9,DATA_ANALYTICS
VKU221818,4.0,2.74,2.91,3.22,4.0,2.44,2.54,2.21,3.01,2.0,4.0,2.8,4.1,4.4,4.4,DATA_ANALYTICS
VKU221577,3.64,3.13,3.05,2.98,2.93,4.0,3.77,2.83,3.29,4.4,4.5,2.3,1.7,2.4,4.8,CYBER_SECURITY
VKU221145,3.07,3.35,2.62,3.27,2.89,3.58,3.65,2.87,3.16,4.6,4.3,2.5,3.1,2.8,5.0,DEVOPS_CLOUD
VKU220363,4.0,3.69,3.99,3.84,3.59,2.43,3.24,2.5,3.41,3.7,3.8,2.5,2.4,2.3,4.1,CS_DATA_AI
VKU221612,2.96,2.95,1.85,3.23,3.05,3.13,2.73,2.11,2.75,2.4,4.1,3.4,3.6,4.0,4.3,DATA_ANALYTICS
VKU221866,3.86,2.99,3.64,4.0,3.66,2.69,2.59,2.53,3.25,2.5,3.3,2.7,4.1,3.9,4.4,DATA_ANALYTICS
VKU221027,3.04,3.42,2.31,2.55,3.83,4.0,3.54,2.04,3.09,5.0,3.0,2.4,3.0,3.4,4.9,DEVOPS_CLOUD
VKU221031,3.98,3.57,3.36,2.74,3.17,3.51,2.89,2.86,3.26,4.1,4.4,1.0,1.7,2.7,3.8,DEVOPS_CLOUD
VKU221304,3.77,3.46,3.09,3.51,2.79,3.67,3.61,2.66,3.32,5.0,3.7,1.4,2.2,3.2,3.7,CYBER_SECURITY
VKU221356,3.61,2.95,3.05,3.41,3.61,4.0,4.0,2.84,3.43,4.1,4.4,1.7,2.1,2.5,3.8,CYBER_SECURITY
VKU221731,2.83,3.26,3.62,3.53,3.33,2.33,3.08,3.06,3.13,2.8,4.7,2.8,3.6,3.8,4.5,DATA_ANALYTICS
VKU220666,2.95,4.0,3.06,3.16,3.98,3.21,3.74,4.0,3.51,4.5,4.4,3.2,2.3,3.0,3.4,SE_FULLSTACK
VKU220365,3.72,3.44,4.0,3.94,2.52,2.5,3.44,3.81,3.42,3.9,4.7,2.0,1.6,2.3,3.4,CS_DATA_AI
VKU220078,3.11,2.52,3.82,4.0,2.53,2.85,2.65,3.21,3.09,3.8,4.5,1.8,2.0,2.5,3.7,CS_DATA_AI
VKU220028,3.58,3.08,3.2,3.57,3.65,2.6,3.19,3.6,3.31,4.1,4.5,2.4,2.1,2.6,3.4,CS_DATA_AI
VKU221437,3.29,3.55,3.29,3.9,3.37,3.91,3.44,3.31,3.51,4.1,5.0,1.4,2.0,1.7,4.8,CYBER_SECURITY
VKU220526,3.21,3.46,3.74,2.57,3.85,3.18,2.92,3.84,3.35,4.0,3.9,4.4,3.5,2.5,4.2,SE_FULLSTACK
VKU221835,3.35,2.83,3.46,3.6,4.0,2.68,2.55,2.62,3.14,1.7,4.1,2.5,3.0,4.4,4.7,DATA_ANALYTICS
VKU220056,2.86,4.0,3.17,3.93,3.4,2.57,3.19,2.78,3.24,3.8,5.0,2.6,2.5,2.4,3.5,CS_DATA_AI
VKU220639,4.0,4.0,2.75,3.01,2.99,3.46,3.52,4.0,3.47,4.9,3.8,4.3,3.2,3.1,3.8,SE_FULLSTACK
VKU220303,3.75,3.8,3.43,4.0,3.31,2.22,3.63,2.64,3.35,4.3,3.8,2.9,2.9,2.7,3.2,CS_DATA_AI
VKU220719,3.72,4.0,3.29,3.18,3.35,2.79,3.27,3.51,3.39,4.0,3.5,3.9,2.4,2.7,4.1,SE_FULLSTACK
VKU220625,3.47,4.0,2.85,2.95,3.7,2.52,3.15,3.75,3.3,3.9,3.7,2.9,3.4,3.1,4.1,SE_FULLSTACK
VKU220008,3.68,3.96,3.59,3.97,3.48,2.9,2.76,3.18,3.44,3.9,4.3,3.0,2.6,2.1,3.8,CS_DATA_AI
VKU220804,3.56,2.8,3.09,2.95,2.94,3.62,3.36,2.87,3.15,4.3,4.0,1.4,2.6,2.4,3.4,DEVOPS_CLOUD
VKU221050,3.48,3.21,2.16,3.39,3.09,3.33,4.0,2.89,3.19,3.5,4.3,1.0,3.5,2.0,4.4,DEVOPS_CLOUD
VKU220337,3.65,3.4,3.21,4.0,3.98,2.89,3.38,2.82,3.42,4.0,4.9,1.6,2.2,2.0,3.1,CS_DATA_AI
VKU220048,3.07,3.26,3.42,3.82,2.86,3.31,3.12,3.26,3.27,4.1,5.0,2.3,2.7,2.6,4.1,CS_DATA_AI
VKU221764,3.41,2.86,2.91,3.89,4.0,2.31,2.59,3.07,3.13,2.8,3.1,2.4,4.2,4.1,4.9,DATA_ANALYTICS
VKU220107,3.65,3.72,3.8,4.0,4.0,2.95,2.77,3.32,3.53,3.3,4.2,2.2,2.6,3.1,3.7,CS_DATA_AI
VKU220350,4.0,3.37,3.21,3.94,3.13,2.78,3.01,3.32,3.34,3.8,4.5,2.5,2.4,2.4,3.7,CS_DATA_AI
VKU221080,3.6,3.12,2.52,3.2,2.92,4.0,3.48,2.63,3.18,3.8,3.7,2.0,2.6,2.1,4.6,DEVOPS_CLOUD
VKU220239,2.88,4.0,3.61,4.0,3.49,2.85,3.3,3.43,3.44,3.6,4.2,1.9,1.8,2.6,2.7,CS_DATA_AI
VKU220214,3.9,2.87,3.61,4.0,2.61,2.77,2.6,2.8,3.15,3.5,4.7,2.5,2.7,2.4,3.6,CS_DATA_AI
VKU221776,3.35,2.87,3.15,3.74,4.0,3.25,2.91,2.86,3.27,2.6,4.3,2.1,3.4,3.7,4.6,DATA_ANALYTICS
VKU221139,2.49,2.55,2.99,2.82,3.19,3.61,4.0,2.7,3.04,4.9,4.1,2.4,2.0,2.7,3.9,DEVOPS_CLOUD
VKU220794,3.12,3.78,3.18,2.54,2.99,3.7,3.1,3.98,3.3,4.4,3.7,3.3,3.0,3.0,4.1,SE_FULLSTACK
VKU221587,3.18,3.91,3.05,2.9,2.89,4.0,2.88,2.4,3.15,4.2,3.8,1.7,2.5,3.8,5.0,CYBER_SECURITY
VKU221583,3.43,3.45,2.65,3.24,3.16,3.45,3.03,2.02,3.05,3.7,4.7,1.3,2.6,2.3,4.0,CYBER_SECURITY
VKU221672,2.92,2.72,2.48,3.66,3.72,2.81,1.88,2.84,2.88,2.9,4.3,2.3,3.6,4.4,4.6,DATA_ANALYTICS
VKU220524,3.91,3.01,2.49,2.77,2.67,3.13,3.55,4.0,3.19,4.6,4.0,4.1,2.7,3.0,3.9,SE_FULLSTACK
VKU220233,3.32,3.63,3.84,3.51,3.47,2.34,3.17,3.61,3.36,3.9,4.2,2.5,2.6,3.5,3.6,CS_DATA_AI
VKU220645,3.57,4.0,2.93,2.63,3.22,3.59,2.98,3.63,3.32,4.0,4.2,3.0,2.6,3.8,2.5,SE_FULLSTACK
VKU221508,3.88,3.82,2.87,3.05,3.06,4.0,3.75,2.82,3.41,4.4,4.8,1.9,2.2,2.3,5.0,CYBER_SECURITY
VKU220534,3.48,3.03,2.17,2.64,3.64,3.14,2.89,3.93,3.12,4.1,3.4,3.6,2.6,3.8,2.7,SE_FULLSTACK
VKU221942,2.85,3.09,3.0,3.94,4.0,2.61,2.47,2.59,3.07,3.0,3.7,3.4,3.0,3.9,4.3,DATA_ANALYTICS
VKU220604,3.52,3.45,2.91,3.47,3.15,2.81,2.93,3.18,3.18,4.5,4.1,3.1,2.6,2.8,4.3,SE_FULLSTACK
VKU221330,2.65,3.88,3.39,3.78,2.68,4.0,2.63,2.78,3.22,4.3,4.7,1.5,3.1,3.2,5.0,CYBER_SECURITY
VKU221075,3.46,3.15,2.87,2.05,2.95,4.0,3.99,2.97,3.18,4.9,4.4,1.6,2.9,2.6,4.3,DEVOPS_CLOUD
VKU221305,3.82,3.86,3.74,3.67,3.71,3.77,3.55,3.3,3.68,4.4,4.2,1.0,1.7,2.4,3.7,CYBER_SECURITY
VKU220061,3.44,3.12,2.93,3.83,3.45,3.11,2.91,2.71,3.19,3.8,5.0,1.6,2.5,2.1,3.2,CS_DATA_AI
VKU221264,3.32,3.45,3.27,3.06,3.18,3.79,3.6,4.0,3.46,4.0,5.0,2.5,1.4,2.5,4.2,CYBER_SECURITY
VKU220093,3.54,3.27,3.53,3.42,3.1,2.33,2.87,2.38,3.05,4.5,5.0,1.8,3.1,2.5,3.0,CS_DATA_AI
VKU220667,3.13,3.35,3.13,2.47,4.0,3.22,2.97,2.97,3.16,4.8,4.5,3.6,3.4,2.9,3.6,SE_FULLSTACK
VKU220281,2.76,3.71,3.71,3.58,3.0,2.98,3.57,3.39,3.34,5.0,3.9,2.0,2.0,3.2,3.4,CS_DATA_AI
VKU221114,2.5,2.87,3.0,2.97,3.31,3.2,4.0,3.67,3.19,5.0,3.2,2.0,2.3,2.6,5.0,DEVOPS_CLOUD
VKU220360,4.0,3.68,2.95,4.0,3.31,1.87,3.42,3.09,3.29,3.6,4.3,1.9,2.6,2.0,3.1,CS_DATA_AI
VKU221129,3.41,2.93,2.93,2.18,3.1,3.94,3.16,3.02,3.08,4.1,3.6,2.4,2.2,2.0,4.2,DEVOPS_CLOUD
VKU221170,1.98,2.62,3.11,2.77,2.93,3.54,3.9,2.87,2.96,5.0,4.7,1.1,1.4,3.6,4.1,DEVOPS_CLOUD
VKU220848,3.27,2.97,2.79,3.22,3.57,3.96,3.87,2.98,3.33,4.9,4.1,2.4,2.0,3.7,4.8,DEVOPS_CLOUD
VKU221522,3.3,3.69,3.08,3.31,2.61,3.62,3.94,2.91,3.31,4.8,4.5,1.3,3.3,2.8,3.4,CYBER_SECURITY
VKU220111,3.3,3.21,3.5,3.92,3.04,2.88,2.4,2.95,3.15,4.4,3.7,2.7,2.3,2.8,3.8,CS_DATA_AI
VKU220043,3.05,3.53,3.69,3.48,3.17,2.39,3.12,2.97,3.17,4.9,5.0,1.8,2.5,2.4,3.8,CS_DATA_AI
VKU220126,3.73,2.86,3.7,3.82,2.96,2.87,2.82,2.87,3.2,4.0,5.0,2.2,2.5,2.8,3.7,CS_DATA_AI
VKU220205,3.88,3.88,3.17,3.64,3.19,2.95,2.81,3.43,3.37,4.0,5.0,1.7,2.6,3.4,3.6,CS_DATA_AI
VKU220053,4.0,4.0,3.05,3.16,3.56,2.55,2.52,3.61,3.31,3.8,4.3,2.1,2.0,3.3,4.3,CS_DATA_AI
VKU220546,3.24,3.98,3.43,3.33,4.0,2.76,2.79,3.67,3.4,4.2,3.4,3.4,3.0,3.7,3.7,SE_FULLSTACK
VKU220069,3.18,3.68,3.01,3.43,3.06,2.64,3.26,2.67,3.12,3.7,5.0,2.3,2.1,2.5,3.3,CS_DATA_AI
VKU221741,3.61,3.03,2.67,3.5,4.0,2.59,3.31,2.94,3.21,2.8,4.2,2.3,3.0,4.2,4.6,DATA_ANALYTICS
VKU221548,3.42,3.1,3.37,3.08,2.69,3.49,3.8,2.77,3.21,4.4,4.2,2.3,1.4,3.7,4.4,CYBER_SECURITY
VKU220184,3.95,3.44,3.44,3.66,2.73,2.17,3.17,3.47,3.25,4.2,4.2,1.3,2.5,3.0,3.4,CS_DATA_AI
VKU220138,3.57,3.05,3.46,3.43,3.49,3.17,2.73,2.65,3.19,4.1,4.3,2.0,2.0,2.6,3.1,CS_DATA_AI
VKU220900,2.53,3.11,2.52,2.73,3.17,3.31,3.98,2.48,2.98,4.8,4.0,1.7,2.7,3.4,5.0,DEVOPS_CLOUD
VKU220797,3.21,4.0,3.16,2.69,3.23,3.31,3.05,4.0,3.33,3.6,3.7,3.4,2.9,3.3,3.9,SE_FULLSTACK
VKU220133,3.83,3.4,3.34,3.93,3.71,2.52,2.97,2.12,3.23,3.7,5.0,1.7,2.9,2.6,3.0,CS_DATA_AI
VKU220081,3.82,4.0,3.44,4.0,3.07,2.52,3.04,3.67,3.45,3.7,3.9,2.6,2.4,2.5,4.9,CS_DATA_AI
VKU221987,3.35,2.88,3.1,4.0,3.98,2.81,3.39,3.09,3.33,2.7,4.6,2.8,3.8,4.4,3.7,DATA_ANALYTICS
VKU221541,3.43,3.93,2.92,2.99,2.48,3.43,3.66,2.98,3.23,4.9,4.5,1.3,1.7,3.1,4.3,CYBER_SECURITY
VKU220542,3.1,3.91,2.52,3.75,3.43,3.16,3.43,3.84,3.39,3.5,3.7,2.6,3.0,3.1,4.3,SE_FULLSTACK
VKU221669,3.46,3.04,3.5,3.62,3.97,2.47,2.24,2.79,3.14,2.4,4.2,2.9,3.6,4.5,5.0,DATA_ANALYTICS
VKU220984,3.36,2.91,2.19,2.29,3.25,3.39,3.83,2.69,2.99,5.0,3.7,1.7,2.4,2.8,4.1,DEVOPS_CLOUD
VKU220166,3.67,3.67,4.0,3.79,3.67,2.62,2.66,3.1,3.4,3.7,5.0,2.9,3.1,1.6,3.1,CS_DATA_AI
VKU220249,3.56,3.78,3.68,3.73,3.28,2.68,2.78,2.89,3.3,4.1,4.4,2.5,2.8,2.3,3.9,CS_DATA_AI
VKU220447,3.84,4.0,2.95,2.94,3.7,2.97,2.77,3.8,3.37,3.8,3.8,3.8,2.6,3.2,3.4,SE_FULLSTACK
VKU221515,3.52,3.98,3.0,3.24,2.84,3.84,3.82,3.12,3.42,4.4,4.1,1.8,1.5,3.5,3.9,CYBER_SECURITY
VKU220859,4.0,3.44,2.62,2.97,3.46,4.0,3.94,2.88,3.41,5.0,3.4,1.9,2.3,3.2,4.1,DEVOPS_CLOUD
VKU221212,3.18,3.63,3.27,3.26,2.85,4.0,3.43,3.02,3.33,4.3,4.8,2.2,2.1,3.0,4.4,CYBER_SECURITY
VKU220098,3.56,3.83,3.95,3.83,2.82,3.14,3.31,3.38,3.48,3.8,5.0,2.8,3.0,2.4,4.0,CS_DATA_AI
VKU221974,3.41,2.71,3.43,3.67,3.96,2.57,2.41,2.5,3.08,3.1,3.1,3.9,4.0,4.4,4.4,DATA_ANALYTICS
VKU220738,3.33,3.6,2.38,2.94,3.87,3.5,2.24,3.7,3.2,4.6,4.5,2.4,2.5,3.0,4.2,SE_FULLSTACK
VKU221256,3.25,3.38,3.07,3.36,3.16,3.7,3.59,2.88,3.3,4.8,5.0,2.2,2.4,2.1,5.0,CYBER_SECURITY
VKU220103,3.31,3.64,3.3,3.41,4.0,2.66,2.15,3.09,3.2,3.9,4.2,2.1,2.5,1.6,4.1,CS_DATA_AI
VKU220435,4.0,3.62,2.75,2.52,3.87,2.5,3.15,4.0,3.3,4.0,3.9,3.5,3.5,2.5,3.4,SE_FULLSTACK
VKU220075,4.0,4.0,3.79,3.98,3.26,3.23,3.55,2.66,3.56,4.0,4.2,2.0,1.9,3.0,3.4,CS_DATA_AI
VKU221792,3.63,3.08,3.14,3.45,3.96,2.51,2.8,3.28,3.23,2.9,4.3,3.4,3.4,4.0,4.0,DATA_ANALYTICS
VKU221235,3.67,3.34,3.27,3.1,2.85,3.39,3.88,2.64,3.27,4.4,4.6,2.5,1.9,1.6,4.1,CYBER_SECURITY
VKU220919,3.56,3.28,2.92,2.2,2.83,4.0,3.81,3.75,3.29,5.0,3.5,1.6,3.1,2.4,4.3,DEVOPS_CLOUD
VKU221712,3.43,2.94,2.93,3.38,3.53,2.78,2.54,2.54,3.01,2.5,4.0,3.1,3.8,4.3,4.1,DATA_ANALYTICS
VKU221671,3.2,3.12,2.98,3.82,4.0,2.49,2.73,2.59,3.12,2.4,4.8,2.5,3.2,3.8,4.1,DATA_ANALYTICS
VKU221621,3.56,2.91,2.61,3.76,3.6,2.91,2.8,2.95,3.14,2.2,3.9,2.8,3.3,3.8,4.9,DATA_ANALYTICS
VKU220763,2.5,3.5,3.25,3.3,2.49,3.06,3.77,3.9,3.22,3.4,3.3,2.4,3.7,3.1,4.1,SE_FULLSTACK
VKU220990,2.9,3.52,3.46,2.4,3.4,3.48,4.0,3.87,3.38,5.0,3.7,1.4,2.8,1.4,4.6,DEVOPS_CLOUD
VKU220389,3.77,3.34,3.29,3.83,2.74,2.7,2.91,2.88,3.18,4.3,5.0,2.4,2.3,3.0,3.8,CS_DATA_AI
VKU220236,3.34,3.39,3.19,3.52,3.28,2.75,2.74,2.38,3.07,3.4,4.2,2.9,2.3,2.9,3.1,CS_DATA_AI
VKU221507,3.36,3.59,2.71,3.95,2.13,4.0,3.17,2.98,3.24,5.0,4.1,1.8,2.2,2.2,4.7,CYBER_SECURITY
VKU220268,3.38,3.13,3.16,3.56,3.24,1.96,2.49,2.95,2.98,3.2,5.0,2.4,2.6,1.4,3.3,CS_DATA_AI
VKU221188,3.26,2.9,2.55,3.18,3.35,4.0,4.0,3.29,3.32,4.0,3.9,1.9,2.3,3.4,4.4,DEVOPS_CLOUD
VKU220118,3.58,3.42,3.46,3.95,3.05,2.35,2.82,3.17,3.23,3.5,4.8,2.5,2.7,2.8,3.4,CS_DATA_AI
VKU221607,2.85,2.71,1.58,3.57,4.0,2.91,3.22,2.35,2.9,2.6,3.8,2.2,3.4,3.5,4.7,DATA_ANALYTICS
VKU220674,3.39,3.24,3.46,2.43,3.64,3.32,3.25,3.54,3.28,3.4,4.1,3.7,2.6,3.4,4.2,SE_FULLSTACK
VKU220250,3.93,2.88,3.96,3.52,2.99,3.1,3.54,3.48,3.42,4.0,4.9,1.8,2.8,2.1,3.8,CS_DATA_AI
VKU221453,3.65,3.48,2.4,3.19,3.57,3.71,3.41,3.0,3.3,4.2,4.5,2.2,2.9,2.3,3.8,CYBER_SECURITY
VKU221995,2.96,2.82,3.27,3.56,4.0,2.53,3.15,2.77,3.13,2.6,4.1,2.5,3.4,4.5,4.7,DATA_ANALYTICS
VKU220095,3.46,3.87,3.54,3.7,2.92,2.92,3.92,2.47,3.35,3.6,5.0,2.4,2.8,2.6,2.9,CS_DATA_AI
VKU220034,3.23,3.11,3.3,4.0,3.68,2.66,3.08,3.74,3.35,4.5,4.6,2.1,2.1,2.6,3.4,CS_DATA_AI
VKU221464,3.43,2.59,3.11,3.39,3.35,3.41,3.94,2.35,3.2,4.4,4.7,1.8,2.6,3.0,4.4,CYBER_SECURITY
VKU221668,3.31,2.91,3.04,3.53,4.0,2.13,2.41,2.77,3.01,2.5,3.0,2.8,2.8,4.7,4.4,DATA_ANALYTICS
VKU220449,3.1,4.0,2.83,3.32,3.78,3.02,2.87,4.0,3.37,4.3,3.4,3.3,2.8,2.0,3.7,SE_FULLSTACK
VKU220717,2.85,4.0,2.85,3.3,3.25,2.68,3.31,3.78,3.25,3.9,3.6,4.3,3.0,2.1,3.6,SE_FULLSTACK
VKU221810,3.41,2.43,3.05,3.83,4.0,2.35,2.51,3.0,3.07,2.3,3.5,2.9,3.6,4.1,5.0,DATA_ANALYTICS
VKU221518,3.77,3.67,3.58,3.41,2.84,4.0,3.69,2.77,3.47,4.1,4.2,1.9,1.7,2.3,3.9,CYBER_SECURITY
VKU220001,3.77,3.45,3.42,3.62,4.0,3.07,3.01,2.95,3.41,3.9,4.3,2.3,2.4,3.1,3.5,CS_DATA_AI
VKU221376,3.1,3.31,2.61,3.12,3.3,4.0,3.61,3.54,3.32,4.6,4.0,1.3,1.7,2.4,4.4,CYBER_SECURITY
VKU221102,3.15,2.88,2.22,3.45,3.72,3.76,3.65,2.64,3.18,4.3,4.0,2.4,2.3,1.7,4.3,DEVOPS_CLOUD
VKU221109,3.02,2.78,3.06,2.13,3.81,3.96,3.42,3.18,3.17,4.6,4.0,2.1,3.0,2.7,4.0,DEVOPS_CLOUD
VKU221227,3.27,3.88,2.92,3.25,2.5,3.83,3.87,2.56,3.26,4.1,4.2,2.0,2.6,2.5,4.6,CYBER_SECURITY
VKU220083,4.0,3.13,3.51,4.0,2.93,2.95,3.42,4.0,3.49,3.9,4.4,2.4,2.3,2.7,4.1,CS_DATA_AI
VKU221289,3.26,2.72,2.76,3.7,2.69,3.44,3.75,2.39,3.09,4.9,4.7,2.7,3.0,2.6,4.2,CYBER_SECURITY
VKU220677,3.92,3.44,3.47,2.93,3.33,3.27,2.45,4.0,3.35,4.3,4.3,3.0,2.5,2.4,4.6,SE_FULLSTACK
VKU221921,3.17,3.23,3.99,3.77,3.87,3.34,2.52,3.25,3.39,2.5,5.0,3.1,3.8,5.0,4.2,DATA_ANALYTICS
VKU221047,3.35,3.13,2.56,2.9,3.07,3.5,3.96,3.22,3.21,3.4,4.2,2.2,2.3,2.4,4.4,DEVOPS_CLOUD
VKU220771,3.83,3.68,3.29,2.69,3.52,2.76,3.0,3.73,3.31,4.5,3.6,3.3,2.4,2.7,4.0,SE_FULLSTACK
VKU221947,3.73,3.13,2.96,4.0,3.96,1.79,2.06,2.42,3.01,2.5,4.1,2.9,3.4,3.9,4.8,DATA_ANALYTICS
VKU221281,3.68,3.44,2.71,3.1,3.55,4.0,4.0,2.5,3.37,4.3,4.8,1.1,2.0,2.4,4.0,CYBER_SECURITY
VKU221581,3.59,3.33,2.74,3.82,3.83,3.3,3.83,1.77,3.28,4.2,5.0,1.4,1.9,2.0,4.5,CYBER_SECURITY
VKU221489,3.7,3.38,3.23,3.36,3.19,3.54,3.91,2.84,3.39,4.0,4.9,1.8,2.3,1.2,4.1,CYBER_SECURITY
VKU220405,3.32,4.0,2.22,2.83,3.24,3.38,2.58,4.0,3.2,4.9,4.2,3.4,2.0,2.9,4.5,SE_FULLSTACK
VKU221728,2.82,2.61,3.14,3.35,3.37,2.74,2.93,2.13,2.89,3.3,3.8,1.9,2.9,3.9,3.6,DATA_ANALYTICS
VKU221299,3.46,2.92,3.39,3.43,2.67,3.57,3.38,2.54,3.17,4.7,4.6,2.1,1.8,2.3,4.4,CYBER_SECURITY
VKU221341,3.16,3.33,3.51,3.61,3.77,3.69,3.26,2.93,3.41,4.7,5.0,1.7,1.6,2.4,4.3,CYBER_SECURITY
VKU220105,3.22,3.78,3.56,3.73,3.53,2.7,3.49,2.91,3.37,3.6,4.4,2.3,2.9,2.5,3.2,CS_DATA_AI
VKU220689,3.91,3.59,2.95,2.84,3.44,3.21,2.79,3.91,3.33,3.7,4.0,3.6,2.5,2.2,3.4,SE_FULLSTACK
VKU221306,3.5,3.13,3.52,2.85,2.8,4.0,4.0,2.94,3.34,4.5,4.3,2.0,1.1,3.2,4.8,CYBER_SECURITY
VKU220827,3.73,3.19,3.23,2.94,3.91,3.99,4.0,3.18,3.52,4.8,3.4,1.0,2.9,2.0,4.4,DEVOPS_CLOUD
VKU220063,3.38,3.75,3.66,4.0,3.54,3.48,3.03,2.86,3.46,3.4,4.9,1.8,2.4,3.3,3.4,CS_DATA_AI
VKU220853,3.13,3.03,2.74,2.35,2.96,3.38,3.42,3.92,3.12,5.0,4.2,2.2,2.2,2.5,4.0,DEVOPS_CLOUD
VKU221354,3.34,3.13,2.77,3.29,2.92,4.0,3.67,2.3,3.18,4.7,4.5,1.7,2.5,2.5,4.1,CYBER_SECURITY
VKU220224,3.24,4.0,3.63,3.9,3.44,2.72,2.51,2.76,3.27,3.4,4.6,2.6,2.5,3.4,3.1,CS_DATA_AI
VKU220146,4.0,3.39,3.8,3.54,3.42,2.81,2.83,2.95,3.34,3.4,4.0,2.6,2.4,2.0,3.9,CS_DATA_AI
VKU221089,3.95,3.16,2.51,2.75,3.46,3.3,4.0,3.03,3.27,4.5,3.2,2.0,3.1,3.9,4.6,DEVOPS_CLOUD
VKU220374,3.85,3.16,3.19,4.0,3.51,2.84,2.24,2.38,3.15,2.7,4.1,1.9,2.3,2.0,4.0,CS_DATA_AI
VKU221421,3.88,3.47,2.93,2.92,4.0,2.87,3.68,2.91,3.33,4.8,4.0,1.0,2.3,2.6,4.0,CYBER_SECURITY
VKU221143,2.49,3.08,2.32,2.58,2.79,3.75,3.46,3.19,2.96,4.9,4.1,2.2,2.7,2.8,4.1,DEVOPS_CLOUD
VKU221827,3.12,2.46,2.36,3.52,3.8,2.81,2.77,3.34,3.02,1.9,4.2,3.1,3.3,4.3,4.1,DATA_ANALYTICS
VKU221495,3.03,3.43,3.38,3.04,2.63,3.75,3.71,3.0,3.25,5.0,4.1,2.0,2.0,2.7,3.8,CYBER_SECURITY
VKU221602,3.09,2.97,2.42,3.95,4.0,2.71,2.51,2.89,3.07,3.8,4.4,2.8,3.1,4.2,4.1,DATA_ANALYTICS
VKU221271,3.43,3.72,2.63,2.91,2.89,3.94,3.31,2.43,3.16,4.7,4.1,2.2,1.5,3.3,3.8,CYBER_SECURITY
VKU220010,3.23,3.67,4.0,3.95,4.0,3.34,2.67,2.89,3.47,3.2,3.9,1.7,3.0,2.2,3.0,CS_DATA_AI
VKU220450,3.75,3.55,2.88,3.16,3.38,3.92,3.01,4.0,3.46,4.1,3.6,3.3,2.9,2.8,4.3,SE_FULLSTACK
VKU220709,3.1,3.77,3.64,2.57,2.86,3.04,2.58,3.74,3.16,3.8,4.1,3.7,2.4,2.7,4.1,SE_FULLSTACK
VKU220256,4.0,3.22,3.65,3.33,3.24,2.6,3.23,3.19,3.31,2.9,4.3,1.8,2.9,2.3,2.9,CS_DATA_AI
VKU220883,3.03,3.57,2.89,2.75,2.96,3.8,4.0,3.26,3.28,4.5,4.0,2.4,1.6,3.1,3.7,DEVOPS_CLOUD
VKU220390,3.5,3.48,3.6,3.43,3.45,2.8,2.68,2.73,3.21,3.7,5.0,1.6,2.2,1.6,3.4,CS_DATA_AI
VKU220909,3.51,3.36,2.1,3.23,2.68,3.7,3.28,3.27,3.14,5.0,3.8,1.8,2.1,2.0,5.0,DEVOPS_CLOUD
VKU220925,3.62,3.17,2.7,3.09,3.27,4.0,3.74,2.96,3.32,5.0,4.1,1.3,2.1,2.8,3.8,DEVOPS_CLOUD
VKU221704,3.09,3.47,2.63,3.52,4.0,2.74,2.74,2.52,3.09,2.5,4.0,3.2,3.1,4.7,4.4,DATA_ANALYTICS
VKU221233,3.74,3.77,3.65,3.84,3.18,3.56,3.77,2.96,3.56,4.2,5.0,2.4,1.9,2.6,4.4,CYBER_SECURITY
VKU220461,3.6,3.97,3.2,3.24,3.54,3.64,3.02,3.95,3.52,3.9,4.5,3.0,2.7,3.2,3.4,SE_FULLSTACK
VKU221270,3.48,2.27,2.65,2.88,3.12,4.0,3.99,3.02,3.18,4.0,4.4,1.8,1.8,2.9,3.7,CYBER_SECURITY
VKU221760,3.28,2.55,2.93,3.9,4.0,2.89,2.37,2.45,3.05,3.4,4.5,3.2,3.8,4.1,4.2,DATA_ANALYTICS
VKU221169,3.09,2.68,3.91,2.7,3.37,4.0,3.09,3.04,3.23,4.8,4.6,1.8,3.1,2.4,4.4,DEVOPS_CLOUD
VKU220959,3.33,2.76,3.12,3.21,2.81,3.23,3.24,3.32,3.13,4.8,4.2,2.1,3.5,2.5,5.0,DEVOPS_CLOUD
VKU220502,3.58,4.0,3.0,3.0,3.71,3.29,3.15,3.86,3.45,3.8,4.2,3.3,3.4,3.0,3.7,SE_FULLSTACK
VKU220740,3.56,4.0,3.0,3.49,3.7,3.28,3.29,3.91,3.53,3.4,3.8,3.6,3.0,3.3,3.7,SE_FULLSTACK
VKU221850,2.69,2.9,3.7,3.46,3.98,2.6,2.39,3.21,3.12,3.0,4.5,2.8,3.9,4.1,4.1,DATA_ANALYTICS
VKU220869,2.71,1.84,2.36,3.27,3.18,4.0,3.57,3.14,3.01,5.0,4.3,1.5,2.9,3.0,4.3,DEVOPS_CLOUD
VKU220732,3.15,3.59,3.21,2.71,3.16,3.26,3.9,4.0,3.37,4.1,3.7,3.5,3.3,3.2,4.5,SE_FULLSTACK
VKU220540,3.78,3.55,2.94,2.94,4.0,3.08,3.11,4.0,3.42,4.1,4.1,3.1,3.3,3.1,3.6,SE_FULLSTACK
VKU221202,3.6,3.39,2.74,3.37,2.78,3.11,3.88,3.34,3.28,5.0,3.9,1.6,1.8,2.6,4.8,CYBER_SECURITY
VKU220698,3.85,3.62,2.39,2.84,3.74,3.22,3.27,4.0,3.37,3.7,4.3,4.2,2.8,3.4,4.4,SE_FULLSTACK
VKU221393,3.72,3.44,3.72,2.92,3.5,3.97,3.91,2.68,3.48,4.8,5.0,1.0,1.9,2.4,4.2,CYBER_SECURITY
VKU221377,3.96,3.37,3.72,3.7,2.88,3.86,3.27,3.95,3.59,4.3,5.0,1.6,2.1,3.0,4.0,CYBER_SECURITY
VKU221146,4.0,3.16,2.38,2.59,2.39,4.0,4.0,3.7,3.28,4.4,4.2,2.3,2.8,2.9,5.0,DEVOPS_CLOUD
VKU221032,3.27,2.84,3.31,3.12,3.25,3.97,3.82,3.42,3.38,5.0,4.2,2.5,3.1,3.2,4.2,DEVOPS_CLOUD
VKU220373,2.89,3.5,3.88,3.93,3.07,2.48,3.04,2.56,3.17,4.0,4.1,2.3,3.0,2.2,3.1,CS_DATA_AI
VKU220668,3.9,3.7,2.92,2.67,3.84,3.4,2.78,3.49,3.34,4.1,2.6,2.8,3.2,2.4,3.7,SE_FULLSTACK
VKU221526,2.68,3.16,3.27,2.86,2.82,3.8,3.81,2.9,3.16,4.8,4.9,1.0,1.7,2.9,5.0,CYBER_SECURITY
VKU220358,3.08,3.91,3.1,3.71,3.09,2.52,3.55,2.85,3.23,4.1,4.9,1.8,2.0,2.4,4.2,CS_DATA_AI
VKU220968,3.39,3.16,2.71,2.39,3.24,4.0,3.63,2.99,3.19,4.3,4.2,1.8,3.2,1.9,4.2,DEVOPS_CLOUD
VKU220784,3.6,4.0,3.28,2.91,2.9,3.5,3.52,3.68,3.42,3.9,4.3,3.0,2.3,3.1,3.7,SE_FULLSTACK
VKU220736,3.38,4.0,3.29,3.23,3.15,3.03,3.34,3.85,3.41,4.4,3.3,3.4,3.2,2.9,4.0,SE_FULLSTACK
VKU221036,2.72,3.48,2.75,2.43,2.93,3.18,3.77,2.65,2.99,4.1,4.0,1.5,2.6,3.1,4.0,DEVOPS_CLOUD
VKU220971,3.21,2.42,2.82,3.28,2.64,3.46,3.83,3.32,3.12,4.6,3.3,1.7,2.7,3.3,5.0,DEVOPS_CLOUD
VKU221525,3.02,2.87,3.12,3.38,3.36,3.6,3.01,2.44,3.1,4.2,4.2,2.3,2.0,2.8,3.2,CYBER_SECURITY
VKU221487,3.27,2.94,3.35,3.28,3.65,3.67,3.54,2.97,3.33,4.6,4.8,1.7,2.3,2.8,3.8,CYBER_SECURITY
VKU221524,2.97,3.29,3.0,3.08,3.14,3.73,4.0,3.11,3.29,4.3,4.2,1.7,2.8,2.7,4.0,CYBER_SECURITY
VKU221491,3.64,3.4,3.56,3.08,3.06,3.55,3.57,2.61,3.31,4.3,4.1,2.3,2.1,1.9,4.3,CYBER_SECURITY
VKU221643,2.89,2.01,2.69,3.31,3.84,2.91,2.39,2.82,2.86,3.2,3.7,3.0,3.6,4.3,5.0,DATA_ANALYTICS
VKU221253,3.61,3.22,2.92,3.44,3.5,3.37,3.64,3.0,3.34,4.2,4.8,2.2,1.3,2.3,4.1,CYBER_SECURITY
VKU221694,2.78,2.95,3.29,2.72,3.49,2.87,2.43,3.24,2.97,2.7,5.0,3.2,3.6,4.5,4.8,DATA_ANALYTICS
VKU221750,2.9,3.14,3.27,3.78,3.43,2.55,2.96,3.11,3.14,1.9,4.7,2.9,3.0,4.3,4.9,DATA_ANALYTICS
VKU221237,2.97,3.6,3.58,3.45,3.15,4.0,3.6,2.73,3.39,3.9,4.0,1.8,2.1,2.7,3.3,CYBER_SECURITY
VKU220886,3.44,2.89,2.2,2.56,3.52,4.0,4.0,2.91,3.19,4.6,3.6,1.5,1.7,2.7,3.8,DEVOPS_CLOUD
VKU220080,3.76,3.49,3.24,3.42,2.94,2.82,3.06,2.97,3.21,3.3,3.3,2.4,2.8,1.5,3.0,CS_DATA_AI
VKU221173,3.06,3.14,2.69,2.23,2.46,3.88,4.0,3.08,3.07,5.0,3.3,2.0,2.7,2.8,5.0,DEVOPS_CLOUD
VKU220815,4.0,2.72,3.21,2.96,2.58,3.62,4.0,3.48,3.32,4.3,3.9,1.8,2.5,2.5,4.5,DEVOPS_CLOUD
VKU221286,3.05,3.08,3.1,3.7,3.28,3.86,3.36,3.27,3.34,5.0,5.0,2.0,2.1,2.1,4.2,CYBER_SECURITY
VKU220672,3.89,3.44,2.51,3.33,3.19,2.96,2.72,3.9,3.24,3.9,4.1,3.0,3.5,2.8,3.8,SE_FULLSTACK
VKU221532,3.08,2.92,3.68,3.03,2.63,2.89,3.81,2.62,3.08,4.8,4.3,1.6,1.2,2.4,4.3,CYBER_SECURITY
VKU220058,2.84,3.14,3.91,4.0,3.67,2.79,3.57,3.45,3.42,4.2,4.5,1.1,3.4,2.0,2.8,CS_DATA_AI
VKU220134,2.99,2.97,3.97,3.98,3.88,3.46,3.49,2.57,3.41,3.7,3.3,2.1,2.9,2.6,3.8,CS_DATA_AI
VKU221141,2.84,2.89,2.87,2.16,3.18,3.29,3.66,2.33,2.9,5.0,4.0,1.8,2.8,2.7,5.0,DEVOPS_CLOUD
VKU220934,3.42,3.13,3.27,3.42,2.05,4.0,3.74,3.21,3.28,4.2,3.7,2.2,2.9,3.2,4.4,DEVOPS_CLOUD
VKU221685,3.28,2.99,2.82,3.92,3.57,2.35,2.74,3.3,3.12,3.7,3.6,3.3,2.7,4.7,4.8,DATA_ANALYTICS
VKU220824,2.99,4.0,2.77,2.97,2.98,4.0,3.11,2.59,3.18,4.9,4.0,1.8,2.5,3.2,4.5,DEVOPS_CLOUD
VKU221215,3.23,2.74,3.79,3.52,3.1,3.4,3.3,2.54,3.2,5.0,4.7,1.5,2.1,2.7,4.1,CYBER_SECURITY
VKU220505,3.55,2.76,2.9,2.72,3.12,3.4,3.41,3.61,3.18,4.4,4.6,3.0,2.5,2.9,3.9,SE_FULLSTACK
VKU221775,3.08,2.83,3.1,3.57,3.79,2.27,3.1,3.11,3.11,2.5,3.6,3.0,3.2,4.8,4.2,DATA_ANALYTICS
VKU220348,3.8,3.45,3.23,3.47,3.35,2.14,3.02,3.4,3.23,3.1,5.0,2.5,1.6,3.8,3.5,CS_DATA_AI
VKU220387,3.87,3.77,3.43,4.0,2.61,3.39,2.94,3.11,3.39,4.1,3.9,1.9,2.0,2.8,3.5,CS_DATA_AI
VKU221025,2.93,2.94,2.38,1.78,3.49,3.76,3.63,3.06,3.0,4.7,4.5,1.7,2.1,3.2,4.0,DEVOPS_CLOUD
VKU220895,2.82,3.73,2.75,2.93,3.04,3.65,3.73,3.29,3.24,4.8,3.9,2.1,2.1,2.7,4.1,DEVOPS_CLOUD
VKU220829,2.99,3.31,2.96,2.71,2.47,4.0,3.02,3.01,3.06,5.0,3.9,1.4,2.2,2.4,4.4,DEVOPS_CLOUD
VKU221893,3.8,2.56,2.32,3.78,3.88,2.55,2.09,2.1,2.88,1.9,4.1,3.0,4.1,3.8,4.2,DATA_ANALYTICS
VKU220476,3.4,3.59,2.95,2.8,3.36,3.15,3.42,3.98,3.33,4.6,3.7,3.5,2.6,2.9,3.9,SE_FULLSTACK
VKU221471,3.65,3.19,3.2,3.16,2.26,4.0,3.91,2.8,3.27,4.4,5.0,1.6,2.3,2.8,4.2,CYBER_SECURITY
VKU221448,3.01,2.91,2.0,3.44,2.81,3.49,3.65,2.75,3.01,3.6,4.3,1.8,1.7,3.5,4.3,CYBER_SECURITY
VKU221582,2.8,3.77,2.79,3.2,2.76,3.79,3.24,2.98,3.17,4.5,4.1,2.2,2.9,2.1,4.3,CYBER_SECURITY
VKU220653,3.89,3.39,3.42,2.36,3.87,3.23,2.53,4.0,3.34,4.7,3.9,3.2,2.9,2.7,3.8,SE_FULLSTACK
VKU220173,3.82,3.86,3.19,3.24,3.48,2.68,2.47,2.5,3.16,3.5,5.0,2.0,3.1,3.1,3.6,CS_DATA_AI
VKU221150,3.21,3.43,2.96,2.67,3.43,3.75,3.9,2.74,3.26,4.8,3.3,2.1,2.8,2.8,4.4,DEVOPS_CLOUD
VKU220039,3.68,3.58,3.33,4.0,3.88,2.55,3.35,2.89,3.41,3.9,5.0,2.5,3.0,3.0,3.9,CS_DATA_AI
VKU220714,3.96,3.04,2.6,2.81,3.25,3.25,3.02,3.33,3.16,4.0,4.0,3.3,3.0,3.3,3.3,SE_FULLSTACK
VKU220091,3.05,3.81,3.33,3.75,3.86,3.11,2.25,2.85,3.25,3.7,4.6,2.1,2.1,2.7,3.7,CS_DATA_AI
VKU221937,2.96,2.95,2.64,3.71,3.77,2.82,2.64,3.02,3.06,2.9,3.9,2.7,2.5,3.9,4.4,DATA_ANALYTICS
VKU221206,2.93,4.0,3.28,2.99,3.05,4.0,3.87,2.85,3.37,5.0,4.9,1.6,1.6,2.9,4.4,CYBER_SECURITY
VKU220876,3.8,2.11,2.55,2.78,3.79,3.74,4.0,2.83,3.2,4.8,3.8,1.5,2.9,1.8,5.0,DEVOPS_CLOUD
VKU221352,3.17,2.98,2.55,3.71,2.84,4.0,3.23,2.06,3.07,4.5,5.0,1.7,1.9,2.7,4.0,CYBER_SECURITY
VKU221890,3.07,3.27,2.74,3.88,4.0,2.16,2.93,2.59,3.08,2.5,4.4,3.4,3.2,4.7,4.5,DATA_ANALYTICS
VKU221094,3.95,3.31,3.29,3.3,3.72,3.49,3.54,2.54,3.39,4.2,3.5,2.4,2.8,3.0,4.6,DEVOPS_CLOUD
VKU221156,2.53,2.84,3.08,3.24,3.03,3.93,3.22,2.77,3.08,4.6,4.2,1.8,2.6,2.7,5.0,DEVOPS_CLOUD
VKU221782,2.66,3.75,2.71,2.75,4.0,2.85,2.35,2.52,2.95,2.4,4.5,4.0,3.5,3.9,4.7,DATA_ANALYTICS
VKU221959,3.45,3.04,3.48,3.52,4.0,2.58,2.75,2.9,3.21,2.8,4.1,2.9,3.7,4.7,4.8,DATA_ANALYTICS
VKU220500,3.94,3.15,2.65,3.35,3.41,3.03,2.64,3.91,3.26,4.0,3.6,2.9,2.8,3.2,3.5,SE_FULLSTACK
VKU220339,2.79,2.98,3.2,3.41,3.61,2.83,3.01,2.91,3.09,3.7,4.3,1.9,2.9,2.3,3.9,CS_DATA_AI
VKU221189,3.63,3.41,2.35,3.05,3.41,3.25,3.64,2.36,3.14,4.8,3.9,1.8,2.7,2.6,4.7,DEVOPS_CLOUD
VKU220029,4.0,3.59,3.33,3.55,3.4,3.53,3.42,2.96,3.47,3.0,4.4,2.2,3.2,2.7,3.4,CS_DATA_AI
VKU221218,3.27,3.05,3.74,3.09,2.49,4.0,3.21,2.96,3.23,4.4,4.4,1.4,2.4,1.5,4.5,CYBER_SECURITY
VKU221400,2.96,2.87,3.3,3.73,3.37,4.0,3.43,3.48,3.39,4.1,4.4,1.9,2.9,3.3,4.4,CYBER_SECURITY
VKU221821,2.73,3.48,2.54,4.0,4.0,2.92,2.42,3.09,3.15,2.6,4.6,3.1,2.4,4.6,5.0,DATA_ANALYTICS
VKU220946,2.86,3.34,3.38,2.77,3.81,3.67,4.0,3.03,3.36,5.0,3.6,1.6,2.8,2.7,4.6,DEVOPS_CLOUD
VKU220170,1.95,2.97,4.0,4.0,2.85,2.9,3.05,3.66,3.17,3.7,4.2,2.0,2.2,2.4,2.9,CS_DATA_AI
VKU221405,3.27,3.23,3.54,3.42,3.27,3.44,3.64,2.95,3.35,3.7,4.8,1.0,2.1,1.8,4.2,CYBER_SECURITY
VKU221198,3.08,2.52,2.51,3.37,3.58,4.0,3.71,2.95,3.21,4.3,3.0,2.1,2.8,2.9,3.1,DEVOPS_CLOUD
VKU221254,3.25,3.55,2.26,3.55,3.11,3.79,3.33,1.97,3.1,4.2,4.4,1.4,1.9,3.1,3.8,CYBER_SECURITY
VKU221614,3.11,3.08,3.06,3.72,3.95,1.94,1.93,3.05,2.98,3.6,3.8,2.8,3.3,4.6,4.8,DATA_ANALYTICS
VKU220913,2.99,2.91,2.83,2.85,3.61,3.21,3.79,3.07,3.16,4.2,3.5,2.0,2.4,2.8,4.3,DEVOPS_CLOUD
VKU220492,3.76,3.65,2.87,3.83,3.38,3.03,3.0,3.77,3.41,4.3,3.7,3.2,3.4,2.9,4.0,SE_FULLSTACK
VKU220954,3.69,3.0,2.89,2.99,2.7,3.75,3.95,3.06,3.25,5.0,4.2,1.5,2.6,2.8,4.7,DEVOPS_CLOUD
VKU221098,2.64,3.13,2.5,3.19,2.94,3.79,4.0,2.97,3.15,5.0,3.5,1.0,2.5,3.2,5.0,DEVOPS_CLOUD
VKU221033,2.74,3.3,2.33,3.48,3.16,3.23,3.73,3.07,3.13,4.4,4.4,1.9,2.5,2.6,3.8,DEVOPS_CLOUD
VKU220588,3.51,3.49,2.25,3.26,3.43,3.42,2.89,4.0,3.28,4.1,4.1,3.2,2.5,2.2,4.2,SE_FULLSTACK
VKU220751,3.52,2.95,3.01,2.66,2.92,2.89,3.28,3.88,3.14,4.2,3.4,3.3,2.9,2.1,3.4,SE_FULLSTACK
VKU220658,3.7,3.73,2.75,3.11,3.95,3.25,3.53,3.86,3.48,4.3,3.2,3.7,3.1,2.4,4.5,SE_FULLSTACK
VKU220235,3.46,3.59,3.51,3.96,3.68,2.69,3.42,3.09,3.42,3.8,3.7,1.5,2.6,2.6,4.2,CS_DATA_AI
VKU220733,3.64,3.15,2.28,3.36,3.16,3.35,3.77,3.6,3.29,4.2,4.2,3.7,3.6,3.2,3.8,SE_FULLSTACK
VKU221989,3.21,3.26,3.05,3.12,4.0,2.61,2.69,2.55,3.06,2.3,3.2,3.2,3.6,4.2,4.2,DATA_ANALYTICS
VKU221633,3.39,3.29,3.51,3.32,3.83,2.33,2.65,3.26,3.2,2.4,4.0,2.8,3.7,4.1,4.5,DATA_ANALYTICS
VKU221157,3.38,3.09,2.59,2.46,3.13,4.0,4.0,2.65,3.16,4.3,3.9,2.0,2.0,3.5,3.5,DEVOPS_CLOUD
VKU221470,3.83,2.97,3.17,3.12,3.32,4.0,4.0,3.24,3.46,4.3,5.0,1.9,1.5,2.6,4.9,CYBER_SECURITY
VKU221425,2.77,3.34,3.1,3.43,2.86,3.4,3.05,2.71,3.08,4.6,4.8,1.8,2.9,2.4,4.4,CYBER_SECURITY
VKU221628,3.49,2.74,3.25,4.0,4.0,2.91,2.66,2.67,3.21,2.2,4.9,2.8,3.5,3.7,4.3,DATA_ANALYTICS
VKU220935,3.09,3.36,3.33,3.15,3.19,3.15,4.0,3.2,3.31,4.4,4.1,1.6,3.3,2.9,4.6,DEVOPS_CLOUD
VKU221210,3.44,3.02,3.16,3.64,3.37,3.54,3.32,3.13,3.33,4.6,4.4,1.0,1.7,3.6,4.1,CYBER_SECURITY
VKU221066,3.06,3.11,2.8,3.26,3.27,2.86,3.95,3.89,3.27,4.7,4.2,2.4,2.3,2.5,4.6,DEVOPS_CLOUD
VKU220109,3.58,3.89,2.67,3.91,3.29,3.6,2.47,3.14,3.32,3.6,4.3,2.4,2.7,3.2,3.1,CS_DATA_AI
VKU221543,3.2,3.46,2.67,3.73,3.12,3.84,3.83,3.88,3.47,4.2,4.0,1.6,1.7,2.6,4.2,CYBER_SECURITY
VKU220569,3.21,3.43,2.99,3.46,3.53,2.92,4.0,3.95,3.44,4.3,3.2,3.3,3.2,3.2,4.3,SE_FULLSTACK
VKU221168,3.87,2.89,3.37,2.85,3.99,3.24,3.7,3.58,3.44,4.4,3.8,1.2,2.5,2.3,5.0,DEVOPS_CLOUD
VKU221175,3.47,3.48,2.03,3.2,2.49,4.0,3.71,3.1,3.19,5.0,4.4,2.7,2.0,3.3,4.5,DEVOPS_CLOUD
VKU220891,4.0,3.54,3.14,3.16,2.82,3.25,3.24,3.38,3.32,4.8,4.3,1.7,1.6,1.6,4.5,DEVOPS_CLOUD
VKU220948,3.59,2.92,2.44,3.13,3.19,3.88,3.66,2.55,3.17,4.4,4.4,1.3,3.0,2.5,5.0,DEVOPS_CLOUD
VKU221049,4.0,2.79,3.19,3.12,2.91,3.46,3.67,3.81,3.37,4.6,3.3,2.7,1.5,2.9,4.5,DEVOPS_CLOUD
VKU221353,3.69,3.27,4.0,2.94,2.67,3.71,3.77,2.51,3.32,4.0,4.7,1.0,1.9,2.7,4.1,CYBER_SECURITY
VKU221778,3.78,2.96,2.57,3.37,3.67,2.15,2.68,2.49,2.96,2.0,4.4,2.4,3.2,5.0,4.7,DATA_ANALYTICS
VKU221447,4.0,3.79,3.8,2.81,3.52,4.0,3.82,2.75,3.56,4.6,5.0,1.7,2.3,2.6,3.9,CYBER_SECURITY
VKU220885,3.3,2.9,3.18,3.3,2.95,3.77,3.65,3.21,3.28,4.3,4.2,1.3,3.0,2.8,4.0,DEVOPS_CLOUD
VKU221673,3.6,3.25,2.62,3.42,3.57,2.42,2.57,2.42,2.98,3.3,4.5,2.4,3.4,3.6,5.0,DATA_ANALYTICS
VKU220851,3.49,3.35,2.8,2.82,3.96,3.56,4.0,3.7,3.46,5.0,3.9,2.0,2.5,3.1,4.0,DEVOPS_CLOUD
VKU220735,3.95,3.94,2.53,2.51,3.1,3.33,2.0,3.79,3.14,3.9,3.5,4.0,2.7,2.4,3.6,SE_FULLSTACK
VKU220718,3.53,4.0,3.36,2.58,4.0,3.09,2.26,3.31,3.27,2.7,4.9,3.5,2.5,3.2,3.9,SE_FULLSTACK
VKU220455,3.98,3.61,3.68,2.93,3.35,2.55,3.0,3.65,3.34,3.9,3.7,3.9,3.0,2.5,4.3,SE_FULLSTACK
VKU220265,3.48,2.81,3.28,3.6,3.22,2.69,3.22,3.38,3.21,4.3,4.3,2.1,3.0,2.4,3.3,CS_DATA_AI
VKU220076,4.0,3.53,3.41,3.74,3.19,2.82,3.16,2.81,3.33,4.0,4.4,1.2,2.6,2.8,3.2,CS_DATA_AI
VKU221658,3.25,3.15,2.53,4.0,3.26,2.29,2.98,2.31,2.97,3.1,3.3,2.9,3.1,4.6,5.0,DATA_ANALYTICS
VKU220445,3.62,3.86,2.84,2.56,3.87,3.2,2.6,4.0,3.32,4.4,4.3,3.5,2.6,2.8,3.9,SE_FULLSTACK
VKU220396,3.41,3.77,2.81,3.61,3.45,3.42,3.18,3.02,3.33,3.3,4.9,1.9,2.0,2.7,2.6,CS_DATA_AI
VKU220177,4.0,3.67,3.21,3.29,3.12,3.25,2.76,3.15,3.31,4.2,4.9,2.5,3.1,1.9,4.2,CS_DATA_AI
VKU221043,3.41,3.05,3.29,3.01,3.49,3.76,4.0,2.57,3.32,3.7,4.0,2.5,2.6,1.8,4.6,DEVOPS_CLOUD
VKU221736,2.6,2.79,2.24,3.83,3.94,2.0,2.68,2.85,2.87,2.1,3.7,2.9,3.4,4.0,4.5,DATA_ANALYTICS
VKU221402,3.07,3.8,3.32,4.0,3.01,3.89,3.97,3.15,3.53,4.0,4.8,1.8,2.3,3.1,3.6,CYBER_SECURITY
VKU221381,3.41,2.89,2.66,3.34,3.0,3.61,3.56,2.47,3.12,3.9,5.0,1.6,1.5,2.6,4.2,CYBER_SECURITY
VKU220596,2.94,3.15,2.98,3.23,3.81,3.28,3.1,3.88,3.3,4.1,4.1,3.1,2.6,3.1,4.0,SE_FULLSTACK
VKU220062,3.8,3.08,3.73,3.16,4.0,2.66,3.11,2.91,3.31,3.3,4.3,1.9,2.3,2.3,3.5,CS_DATA_AI
VKU221297,3.43,3.11,3.46,3.01,3.04,3.98,3.99,2.59,3.33,3.9,5.0,1.0,2.2,2.4,4.2,CYBER_SECURITY
VKU220873,3.53,2.87,2.42,2.22,3.27,3.87,3.57,2.44,3.02,4.4,3.9,1.9,2.2,2.8,5.0,DEVOPS_CLOUD
VKU221490,3.3,3.61,3.16,2.86,2.95,3.8,3.93,3.56,3.4,5.0,5.0,1.6,1.8,2.8,4.3,CYBER_SECURITY
VKU221879,3.32,2.57,2.7,3.53,4.0,2.77,2.37,3.1,3.04,2.6,4.5,2.9,3.7,4.2,4.1,DATA_ANALYTICS
VKU220279,4.0,3.26,3.5,3.18,3.54,3.05,2.39,3.57,3.31,3.5,5.0,1.6,2.4,2.7,4.1,CS_DATA_AI
VKU220037,4.0,2.53,3.02,3.54,3.69,3.2,3.0,3.58,3.32,4.6,4.6,1.8,2.0,2.2,3.9,CS_DATA_AI
VKU221976,3.36,2.19,2.93,3.88,3.64,2.61,2.43,2.89,2.99,3.8,4.1,2.8,3.1,4.5,4.5,DATA_ANALYTICS
VKU220663,3.72,3.9,3.6,3.32,3.19,3.37,2.02,3.94,3.38,3.9,4.4,3.6,3.4,2.5,4.3,SE_FULLSTACK
VKU221954,2.93,3.35,3.22,4.0,3.43,3.11,2.45,2.45,3.12,2.8,4.8,2.9,3.4,4.6,4.4,DATA_ANALYTICS
VKU221445,3.17,2.95,3.12,3.11,2.07,3.49,3.96,3.77,3.21,4.6,4.2,1.0,2.6,2.3,4.7,CYBER_SECURITY
VKU220978,3.59,3.37,2.68,2.72,2.69,4.0,3.43,3.38,3.23,4.5,4.0,1.6,2.1,2.9,4.1,DEVOPS_CLOUD
VKU221572,3.09,3.78,3.03,3.27,2.89,3.7,3.7,2.89,3.29,4.4,4.6,1.6,2.3,3.1,4.0,CYBER_SECURITY
VKU220739,3.78,3.77,2.78,2.56,3.62,3.14,2.97,4.0,3.33,4.3,3.9,2.7,2.7,2.8,4.5,SE_FULLSTACK
VKU220192,3.6,3.44,3.45,3.58,3.98,2.75,2.85,3.26,3.36,3.5,3.8,2.7,2.0,2.8,3.7,CS_DATA_AI
VKU220920,2.94,2.85,2.84,2.8,3.76,3.88,3.64,3.48,3.27,4.9,4.3,2.2,2.8,2.5,5.0,DEVOPS_CLOUD
VKU220457,4.0,3.81,3.18,2.82,3.7,3.28,3.08,3.6,3.43,4.2,4.3,3.5,2.5,2.9,3.9,SE_FULLSTACK
VKU220676,3.2,4.0,2.89,2.67,3.39,2.97,3.52,3.52,3.27,3.3,3.9,4.0,2.8,2.9,3.5,SE_FULLSTACK
VKU220761,3.14,3.37,3.46,2.47,3.33,3.34,3.1,3.48,3.21,4.0,4.4,3.4,2.7,2.6,4.1,SE_FULLSTACK
VKU221808,2.82,3.15,2.67,4.0,4.0,2.27,2.94,2.92,3.1,2.4,4.3,2.7,3.0,4.8,4.3,DATA_ANALYTICS
VKU221603,3.82,3.05,2.65,3.2,3.99,2.08,2.29,3.05,3.02,2.5,4.1,3.4,4.1,4.3,4.5,DATA_ANALYTICS
VKU220729,3.82,3.55,3.3,3.09,3.53,3.44,3.41,3.83,3.5,4.3,4.3,3.8,3.1,3.3,4.4,SE_FULLSTACK
VKU220413,3.71,2.83,3.29,2.58,3.23,3.07,3.0,3.85,3.19,4.3,4.0,3.4,3.1,2.6,4.4,SE_FULLSTACK
VKU221099,2.47,3.31,2.8,2.28,2.84,3.97,4.0,2.5,3.02,3.9,4.1,2.7,1.9,2.2,4.8,DEVOPS_CLOUD
VKU220826,3.37,2.69,3.14,2.41,3.27,4.0,3.57,2.94,3.17,3.8,4.1,1.2,2.1,1.8,4.2,DEVOPS_CLOUD
VKU221640,2.88,2.53,2.69,3.56,3.79,2.38,2.78,2.54,2.89,3.3,4.0,2.9,3.7,4.6,5.0,DATA_ANALYTICS
VKU220617,3.26,3.62,2.44,3.08,3.21,4.0,3.11,4.0,3.34,4.8,3.8,3.2,2.7,3.4,4.0,SE_FULLSTACK
VKU220115,3.31,3.68,3.73,3.17,3.17,2.89,3.21,3.04,3.28,3.7,5.0,2.3,2.6,2.9,3.7,CS_DATA_AI
VKU220418,2.29,3.88,3.35,2.74,3.19,2.6,3.54,4.0,3.2,4.5,4.7,3.5,3.2,2.9,3.2,SE_FULLSTACK
VKU221911,3.3,2.96,3.13,3.95,3.81,2.89,2.47,3.2,3.21,2.5,4.9,3.0,4.2,4.2,4.1,DATA_ANALYTICS
VKU220970,4.0,3.6,2.72,2.4,3.28,3.98,3.88,3.4,3.41,5.0,3.9,1.0,2.3,2.5,4.5,DEVOPS_CLOUD
VKU220605,2.85,3.54,3.37,2.85,3.26,3.88,3.7,3.42,3.36,4.5,3.7,2.9,3.0,3.0,3.9,SE_FULLSTACK
VKU221919,2.96,2.94,2.65,3.04,3.47,3.06,3.08,2.71,2.99,2.8,4.5,3.7,3.2,4.3,4.0,DATA_ANALYTICS
VKU220090,3.49,3.24,2.84,3.74,3.37,2.54,3.38,3.11,3.21,3.5,3.9,1.4,1.7,2.7,3.7,CS_DATA_AI
VKU220849,3.45,3.77,2.86,3.19,3.61,4.0,3.27,2.96,3.39,4.7,4.0,1.3,2.9,2.9,4.4,DEVOPS_CLOUD
VKU221520,3.91,3.37,3.93,3.5,4.0,3.29,3.43,3.31,3.59,4.6,4.7,2.0,2.0,1.6,4.6,CYBER_SECURITY
VKU221918,2.7,2.63,2.81,2.77,3.66,2.81,2.86,3.34,2.95,2.1,4.6,2.6,3.1,4.7,4.9,DATA_ANALYTICS
VKU220754,3.52,3.13,2.7,2.32,3.44,3.38,3.79,3.46,3.22,4.4,4.7,4.2,3.3,3.4,4.0,SE_FULLSTACK
VKU220499,3.55,3.94,2.14,2.9,3.88,3.11,3.06,4.0,3.32,5.0,4.1,3.3,3.5,3.1,4.4,SE_FULLSTACK
VKU221277,3.06,3.12,2.49,3.14,3.44,4.0,3.37,3.27,3.24,4.5,4.4,2.0,2.3,3.4,4.4,CYBER_SECURITY
VKU221326,3.03,3.42,3.63,4.0,2.69,3.75,3.81,2.49,3.35,3.9,5.0,2.0,2.0,2.4,4.5,CYBER_SECURITY
VKU220012,2.97,3.63,3.19,3.58,3.49,2.36,3.84,3.75,3.35,3.8,4.8,2.7,2.1,2.4,2.7,CS_DATA_AI
VKU220397,3.74,3.57,3.89,3.52,3.29,3.44,3.04,2.91,3.42,3.8,4.6,2.6,2.9,2.4,3.6,CS_DATA_AI
VKU220285,2.84,3.6,3.8,3.25,3.86,2.5,2.88,2.51,3.15,3.7,4.8,2.2,2.1,2.0,3.6,CS_DATA_AI
VKU221067,3.54,2.14,2.76,3.49,3.43,4.0,4.0,3.28,3.33,4.3,4.4,2.8,2.5,3.3,4.3,DEVOPS_CLOUD
VKU221192,2.84,3.29,2.26,2.6,3.42,3.73,4.0,2.91,3.13,5.0,3.5,1.9,2.3,2.9,3.7,DEVOPS_CLOUD
VKU221745,3.4,2.76,3.24,4.0,3.77,1.57,3.04,2.54,3.04,2.9,5.0,3.2,3.1,4.2,5.0,DATA_ANALYTICS
VKU220691,3.27,3.38,3.05,2.71,3.05,3.31,3.08,3.84,3.21,3.8,3.9,3.5,3.1,3.3,3.4,SE_FULLSTACK
VKU221753,3.72,3.23,3.33,4.0,2.78,2.97,2.78,3.26,3.26,2.8,4.3,2.8,3.4,3.8,4.5,DATA_ANALYTICS
VKU221876,2.88,2.88,3.46,3.97,4.0,2.96,2.54,2.94,3.2,2.5,3.4,3.0,3.7,3.8,4.6,DATA_ANALYTICS
VKU220690,3.48,3.44,3.04,2.29,3.8,2.87,3.05,3.96,3.24,4.0,3.9,3.3,3.3,3.1,3.2,SE_FULLSTACK
VKU220852,3.04,2.17,2.82,2.58,3.79,4.0,3.87,3.74,3.25,5.0,4.1,2.4,2.9,3.4,4.2,DEVOPS_CLOUD
VKU220160,3.84,3.48,3.06,3.97,3.43,2.56,3.13,2.67,3.27,3.8,4.5,2.4,2.6,3.3,3.5,CS_DATA_AI
VKU220896,3.32,2.81,2.47,2.33,3.56,3.47,3.77,3.65,3.17,4.5,3.9,1.7,2.8,2.2,4.4,DEVOPS_CLOUD
VKU221576,2.63,3.1,2.5,4.0,3.22,4.0,3.59,3.27,3.29,4.3,4.3,1.7,2.4,2.5,3.4,CYBER_SECURITY
VKU220258,3.3,3.72,3.3,3.82,3.76,2.86,3.19,3.74,3.46,4.0,4.2,3.2,2.6,2.9,3.4,CS_DATA_AI
VKU220336,3.92,2.88,3.28,3.5,4.0,2.95,3.89,2.75,3.4,3.3,4.3,2.2,1.6,2.6,4.3,CS_DATA_AI
VKU221880,3.24,3.29,2.28,3.73,4.0,2.51,1.95,3.27,3.03,2.8,4.0,2.4,3.9,4.6,4.8,DATA_ANALYTICS
VKU221040,3.51,2.48,2.87,2.97,3.7,3.8,4.0,3.35,3.33,4.3,3.3,1.3,2.5,2.2,4.2,DEVOPS_CLOUD
VKU220516,3.14,3.3,2.48,2.54,3.62,3.24,2.83,4.0,3.14,4.2,4.0,3.3,3.0,3.2,3.5,SE_FULLSTACK
VKU221349,2.64,2.84,3.46,3.08,2.61,3.84,3.36,2.33,3.02,5.0,4.5,2.2,2.5,2.5,4.6,CYBER_SECURITY
VKU221016,3.28,3.25,2.43,3.1,3.12,3.91,4.0,3.31,3.3,5.0,3.3,2.2,2.2,2.9,4.6,DEVOPS_CLOUD
VKU220769,3.73,3.59,3.0,2.46,3.31,3.42,3.15,3.67,3.29,4.1,3.8,2.6,2.9,3.1,4.9,SE_FULLSTACK
VKU221747,2.59,2.89,3.62,4.0,3.52,2.78,2.88,3.12,3.18,2.6,3.6,2.4,3.5,3.8,5.0,DATA_ANALYTICS
VKU220762,3.98,3.97,2.88,3.58,3.48,3.23,3.13,3.52,3.47,4.1,3.9,3.0,2.8,2.2,3.9,SE_FULLSTACK
VKU221247,2.66,3.06,3.18,4.0,3.11,3.56,4.0,3.2,3.35,3.6,4.5,2.1,2.6,2.7,4.6,CYBER_SECURITY
VKU221204,3.12,3.88,2.98,3.4,4.0,3.53,3.79,2.98,3.46,3.7,3.9,2.0,2.1,2.2,4.3,CYBER_SECURITY
VKU221468,3.32,3.28,3.35,3.16,3.19,4.0,3.97,2.86,3.39,4.8,4.8,2.2,2.1,1.8,3.9,CYBER_SECURITY
VKU221984,3.61,2.94,2.96,4.0,3.65,2.39,3.07,2.55,3.15,2.1,4.5,3.3,3.7,4.6,4.6,DATA_ANALYTICS
VKU220522,2.94,4.0,2.79,2.35,3.56,3.49,3.23,3.19,3.19,3.5,3.2,3.2,2.1,2.7,3.2,SE_FULLSTACK
VKU220023,3.76,3.71,2.97,4.0,3.47,2.08,3.56,2.82,3.3,4.2,4.5,2.4,2.4,2.0,3.7,CS_DATA_AI
VKU220357,4.0,3.27,2.94,3.59,2.48,3.05,3.03,2.03,3.05,3.6,4.4,2.3,2.2,2.4,3.7,CS_DATA_AI
VKU221278,3.67,3.1,3.03,2.98,2.82,4.0,4.0,2.48,3.26,4.7,4.6,2.0,1.5,1.9,4.5,CYBER_SECURITY
VKU221313,2.99,3.03,3.22,4.0,2.89,4.0,3.76,3.02,3.36,4.9,4.2,1.8,2.8,3.3,4.3,CYBER_SECURITY
VKU221683,3.33,2.59,2.64,3.77,3.53,2.55,2.86,3.14,3.05,2.3,3.7,2.8,3.0,4.4,5.0,DATA_ANALYTICS
VKU220341,3.99,3.39,3.74,4.0,3.08,2.72,3.35,2.63,3.36,3.4,4.0,2.9,2.1,2.9,3.5,CS_DATA_AI
VKU220432,3.5,3.49,2.58,3.54,3.76,2.43,2.76,3.47,3.19,4.4,3.4,2.5,3.4,2.5,3.5,SE_FULLSTACK
VKU220474,3.29,4.0,2.68,2.99,3.57,3.24,3.32,4.0,3.39,4.3,3.9,3.2,2.3,3.4,3.5,SE_FULLSTACK
VKU220218,3.99,3.94,3.23,3.57,3.65,2.89,2.72,3.07,3.38,3.6,3.9,2.3,1.7,2.5,4.0,CS_DATA_AI
VKU220912,3.03,3.33,2.86,2.64,3.36,3.14,4.0,3.35,3.21,4.2,3.4,1.9,3.1,2.7,3.5,DEVOPS_CLOUD
VKU221228,3.88,3.52,2.84,3.57,3.36,4.0,3.74,2.98,3.49,4.3,4.9,1.6,1.8,1.9,3.9,CYBER_SECURITY
VKU221597,2.96,3.43,3.17,2.97,2.88,3.95,3.38,2.79,3.19,4.0,4.7,2.1,2.1,2.5,4.0,CYBER_SECURITY
VKU221012,3.61,3.3,2.82,2.88,3.15,3.78,3.68,3.66,3.36,5.0,4.0,2.1,2.1,2.6,5.0,DEVOPS_CLOUD
VKU221950,2.98,2.5,2.64,3.42,3.8,2.6,2.01,2.65,2.83,3.4,4.4,2.7,3.5,4.5,4.5,DATA_ANALYTICS
VKU220094,4.0,3.35,3.65,4.0,3.73,2.84,3.01,3.25,3.48,3.0,3.9,1.8,2.2,2.1,3.5,CS_DATA_AI
VKU221009,3.35,2.74,2.57,2.76,3.25,3.97,3.69,3.12,3.18,4.5,3.7,1.7,2.0,2.0,4.4,DEVOPS_CLOUD
VKU221071,2.9,2.89,2.96,2.67,3.09,3.8,4.0,3.11,3.18,4.5,4.3,1.4,2.8,2.7,4.5,DEVOPS_CLOUD
VKU221093,3.26,2.81,2.65,2.45,2.79,4.0,4.0,2.94,3.11,4.0,3.7,1.8,2.9,2.9,4.5,DEVOPS_CLOUD
VKU221915,3.29,2.57,2.78,3.83,4.0,2.95,2.26,3.26,3.12,2.7,3.9,3.6,3.4,3.9,3.9,DATA_ANALYTICS
VKU221309,3.79,4.0,3.82,1.95,2.7,3.22,2.79,2.6,3.11,4.6,5.0,2.1,1.9,3.0,4.7,CYBER_SECURITY
VKU220697,3.51,3.47,3.28,3.22,3.1,3.7,2.97,4.0,3.41,3.6,4.0,3.6,3.2,3.2,3.7,SE_FULLSTACK
VKU221828,3.7,2.9,3.45,3.89,3.73,2.81,2.83,3.32,3.33,2.0,3.7,2.1,3.1,3.6,4.9,DATA_ANALYTICS
VKU220997,3.23,3.78,2.9,2.52,3.08,3.98,4.0,2.83,3.29,3.9,4.0,2.7,2.5,2.0,4.5,DEVOPS_CLOUD
VKU220154,3.23,3.92,3.59,3.81,3.82,2.29,2.18,2.62,3.18,3.8,3.4,2.3,1.9,3.2,3.4,CS_DATA_AI
VKU221100,3.36,3.18,1.92,2.48,3.15,3.69,3.43,2.93,3.02,4.9,4.0,2.3,2.4,2.9,3.7,DEVOPS_CLOUD
VKU221719,2.52,3.24,3.04,3.07,3.46,2.78,2.92,2.79,2.98,2.5,4.5,3.7,3.0,3.3,4.4,DATA_ANALYTICS
VKU221998,2.85,2.72,2.95,3.67,3.37,2.95,1.8,3.0,2.91,3.0,4.6,3.5,3.1,4.2,4.7,DATA_ANALYTICS
VKU220790,3.55,3.88,3.26,2.58,3.07,3.28,2.99,4.0,3.33,4.7,4.9,3.4,3.3,2.7,3.8,SE_FULLSTACK
VKU220581,4.0,3.33,2.75,3.09,3.88,2.45,3.39,4.0,3.36,4.2,2.8,3.5,2.7,2.5,3.5,SE_FULLSTACK
VKU220704,3.27,3.27,2.72,2.4,3.29,2.98,3.61,3.41,3.12,4.9,4.8,3.7,3.3,2.7,4.7,SE_FULLSTACK
VKU221213,3.5,3.62,3.75,3.57,3.24,3.5,3.58,3.36,3.52,4.4,4.8,2.3,2.1,2.2,4.3,CYBER_SECURITY
VKU221296,3.45,4.0,3.21,2.91,3.02,3.76,3.57,2.52,3.3,4.9,4.7,1.5,1.7,2.1,4.3,CYBER_SECURITY
VKU221666,3.26,3.02,2.7,3.23,4.0,1.71,3.38,2.84,3.02,2.2,4.0,2.9,4.3,4.1,4.7,DATA_ANALYTICS
VKU221261,2.67,3.68,3.22,3.17,3.36,4.0,4.0,3.54,3.46,4.4,5.0,2.0,2.2,1.6,3.9,CYBER_SECURITY
VKU220488,3.33,3.87,3.27,2.52,3.59,3.48,3.17,3.87,3.39,3.9,3.2,3.7,3.1,3.6,2.7,SE_FULLSTACK
VKU220560,3.71,3.59,2.99,2.39,3.88,2.94,3.64,3.78,3.37,4.4,3.7,2.9,2.4,2.4,4.0,SE_FULLSTACK
VKU221142,3.46,2.94,3.12,3.04,3.34,3.69,3.99,3.46,3.38,4.3,4.7,2.1,2.8,3.2,3.9,DEVOPS_CLOUD
VKU221120,3.64,3.57,3.05,2.4,2.93,3.71,3.87,2.76,3.24,4.6,3.1,1.7,2.9,2.4,3.5,DEVOPS_CLOUD
VKU220802,3.08,3.37,2.7,3.42,2.63,3.82,3.89,2.95,3.23,4.6,4.4,1.6,2.9,2.3,4.7,DEVOPS_CLOUD
VKU220513,4.0,3.51,3.02,2.77,3.3,3.16,3.48,3.66,3.36,4.8,4.4,3.3,3.1,3.4,3.3,SE_FULLSTACK
VKU220634,3.06,3.24,2.52,2.62,3.21,2.75,3.87,3.83,3.14,4.9,3.6,3.4,3.2,2.7,3.7,SE_FULLSTACK
VKU221922,3.54,2.8,3.1,3.79,2.98,2.95,2.14,3.06,3.04,2.9,4.3,3.4,3.5,4.3,4.9,DATA_ANALYTICS
VKU221788,4.0,2.5,2.43,3.85,4.0,2.38,2.57,2.67,3.05,2.0,3.6,3.7,3.1,4.3,4.4,DATA_ANALYTICS
VKU221546,3.65,3.22,2.88,2.56,2.55,3.82,3.75,2.71,3.14,4.2,3.6,1.4,1.9,3.1,3.7,CYBER_SECURITY
VKU221151,2.76,2.65,2.53,3.0,3.92,3.67,4.0,3.22,3.22,4.9,3.6,2.4,2.7,2.4,4.0,DEVOPS_CLOUD
VKU220791,3.44,3.88,3.54,3.44,3.29,2.82,3.34,3.42,3.4,4.6,3.9,4.0,3.4,3.6,4.5,SE_FULLSTACK
VKU220117,4.0,3.5,2.88,3.47,3.37,2.88,3.34,2.9,3.29,4.0,4.5,1.6,2.7,2.4,3.3,CS_DATA_AI
VKU220741,4.0,4.0,3.34,2.16,3.5,3.24,3.64,4.0,3.49,5.0,4.0,3.2,3.1,2.8,3.9,SE_FULLSTACK
VKU221691,3.03,3.08,3.27,3.06,3.41,2.94,2.5,3.36,3.08,3.1,3.6,3.5,3.3,4.4,4.5,DATA_ANALYTICS
VKU221082,2.77,3.48,3.07,2.62,3.47,3.85,3.87,3.38,3.31,4.5,4.1,1.7,2.7,2.6,4.3,DEVOPS_CLOUD
VKU220831,3.3,3.13,1.6,2.6,3.87,3.94,3.95,2.56,3.12,5.0,4.2,2.3,2.1,2.5,3.7,DEVOPS_CLOUD
VKU220120,3.29,3.47,3.18,4.0,3.6,3.42,2.95,2.75,3.33,4.1,5.0,2.0,2.3,2.0,4.2,CS_DATA_AI
VKU220657,3.68,3.48,3.13,2.94,4.0,3.93,3.2,4.0,3.54,4.1,4.5,4.4,3.0,2.5,4.4,SE_FULLSTACK
VKU221908,3.28,3.13,3.23,2.92,3.79,3.13,2.77,3.2,3.18,2.3,3.4,2.9,3.4,4.1,5.0,DATA_ANALYTICS
VKU220636,3.87,3.42,3.64,2.91,3.03,3.39,3.25,4.0,3.44,4.5,5.0,3.7,3.2,2.7,3.7,SE_FULLSTACK
VKU220370,3.7,3.91,3.91,3.63,3.53,2.45,2.83,2.87,3.35,3.0,4.2,1.9,2.3,1.2,3.8,CS_DATA_AI
VKU220269,3.36,3.17,3.58,3.97,4.0,3.2,3.47,3.45,3.53,3.7,4.2,1.3,2.3,2.6,4.2,CS_DATA_AI
VKU220656,3.15,3.85,3.01,2.55,3.49,3.56,2.99,3.93,3.32,4.7,4.1,3.0,2.7,3.2,3.2,SE_FULLSTACK
VKU220936,2.83,2.29,2.96,2.73,3.54,3.38,3.95,2.75,3.05,4.8,3.7,2.2,2.7,3.3,4.7,DEVOPS_CLOUD
VKU220823,3.47,3.33,3.61,2.82,3.35,3.49,4.0,3.47,3.44,4.5,3.7,2.2,2.5,3.0,4.7,DEVOPS_CLOUD
VKU220867,3.54,3.27,2.3,2.78,3.81,3.93,3.86,3.26,3.34,4.1,3.3,2.3,2.0,2.1,4.6,DEVOPS_CLOUD
VKU220047,2.93,3.32,3.9,4.0,2.79,2.03,2.64,3.35,3.12,3.2,5.0,2.5,2.4,3.4,3.0,CS_DATA_AI
VKU221374,2.92,3.0,3.08,2.81,2.82,3.69,3.76,3.69,3.22,4.9,3.5,2.1,2.1,2.7,4.0,CYBER_SECURITY
VKU221709,2.82,2.77,2.73,3.07,3.86,2.69,3.24,2.52,2.96,2.5,4.6,3.2,4.3,4.2,3.9,DATA_ANALYTICS
VKU220992,2.3,2.45,3.31,2.88,3.23,3.64,3.56,2.93,3.04,5.0,3.4,2.2,2.3,2.9,4.4,DEVOPS_CLOUD
VKU220877,2.42,3.05,2.95,3.01,3.04,3.15,3.64,2.96,3.03,4.9,4.0,1.7,2.8,3.1,4.8,DEVOPS_CLOUD
VKU220774,3.16,3.87,2.86,2.61,3.0,3.29,3.52,3.38,3.21,4.1,3.8,3.3,3.0,2.7,4.5,SE_FULLSTACK
VKU221220,3.51,3.4,3.41,3.27,3.32,4.0,3.71,2.86,3.44,4.5,4.6,2.1,2.5,2.8,3.5,CYBER_SECURITY
VKU222000,3.12,3.06,3.11,3.26,3.66,2.32,2.56,2.54,2.95,2.5,4.4,2.8,3.3,4.6,4.3,DATA_ANALYTICS
VKU220005,3.7,3.81,2.98,3.62,3.03,2.67,2.5,2.64,3.12,3.8,4.5,1.6,2.2,2.4,3.1,CS_DATA_AI
VKU221004,3.1,3.58,2.5,3.26,2.84,3.06,3.95,3.05,3.17,4.7,3.2,1.3,1.7,2.6,4.1,DEVOPS_CLOUD
VKU221724,2.87,2.3,2.79,3.91,3.88,3.08,2.17,2.74,2.97,3.0,3.4,2.4,3.7,3.4,5.0,DATA_ANALYTICS
VKU220264,3.72,3.82,3.85,3.39,3.24,2.63,3.4,2.78,3.35,4.0,4.8,2.8,2.5,2.2,2.8,CS_DATA_AI
VKU221570,3.38,3.6,3.11,3.54,2.89,3.92,4.0,2.66,3.39,4.4,5.0,2.0,1.0,1.8,4.4,CYBER_SECURITY
VKU221831,3.28,2.79,3.2,3.69,3.69,2.78,3.26,2.31,3.12,2.5,4.2,2.9,3.7,4.1,4.1,DATA_ANALYTICS
VKU220444,3.17,4.0,3.38,2.17,2.91,2.73,3.35,3.79,3.19,4.3,4.6,3.1,2.9,2.3,3.5,SE_FULLSTACK
VKU221003,2.91,2.66,3.05,3.08,3.03,3.64,3.55,3.59,3.19,4.4,4.2,2.1,1.8,2.7,4.5,DEVOPS_CLOUD
VKU221078,2.5,2.72,2.52,3.48,3.03,3.52,4.0,2.64,3.05,5.0,3.5,2.3,2.3,2.2,5.0,DEVOPS_CLOUD
VKU220838,3.07,2.32,2.09,3.16,3.73,3.63,3.18,3.46,3.08,4.9,3.3,2.0,2.2,2.5,4.9,DEVOPS_CLOUD
VKU221791,3.77,2.9,2.77,3.35,3.68,2.25,2.5,2.9,3.01,2.4,5.0,3.3,3.4,4.4,3.5,DATA_ANALYTICS
VKU220305,3.44,3.7,3.05,3.96,3.37,2.43,2.92,4.0,3.36,3.1,5.0,1.6,1.8,2.6,3.9,CS_DATA_AI
VKU221366,3.16,3.5,3.62,3.22,3.14,3.77,3.2,3.44,3.38,3.2,5.0,1.6,2.0,2.6,4.4,CYBER_SECURITY
VKU221558,3.84,3.73,3.49,2.28,3.25,3.86,3.91,2.25,3.33,4.3,5.0,2.2,2.3,3.1,3.2,CYBER_SECURITY
VKU220314,4.0,3.0,3.32,3.66,3.29,2.3,2.32,3.1,3.12,3.1,4.3,1.8,2.8,2.7,2.9,CS_DATA_AI
VKU220150,3.83,3.61,3.55,3.77,2.89,2.87,3.05,3.39,3.37,4.5,4.8,1.9,2.8,2.4,3.6,CS_DATA_AI
VKU221149,3.78,3.73,2.81,3.21,3.68,4.0,4.0,3.2,3.55,4.2,4.6,1.2,3.3,2.7,5.0,DEVOPS_CLOUD
VKU221214,3.1,2.91,2.16,3.39,3.19,4.0,3.93,2.69,3.17,4.1,4.4,1.4,2.1,2.6,4.0,CYBER_SECURITY
VKU220575,3.26,3.54,2.93,2.92,3.64,2.5,3.25,3.73,3.22,4.6,3.4,3.4,2.0,3.4,4.6,SE_FULLSTACK
VKU220051,4.0,3.7,3.73,4.0,3.1,2.79,3.23,3.65,3.52,3.1,5.0,3.0,2.3,2.5,4.0,CS_DATA_AI
VKU221553,3.35,4.0,2.98,2.99,2.8,4.0,4.0,2.27,3.3,3.2,4.8,1.8,2.7,2.8,3.0,CYBER_SECURITY
VKU220727,3.89,3.39,2.93,3.34,3.37,2.42,3.21,4.0,3.32,4.2,4.0,4.0,3.1,3.1,3.4,SE_FULLSTACK
VKU220834,3.58,2.95,2.47,3.15,3.5,3.29,4.0,2.57,3.19,4.4,3.9,2.1,2.5,2.1,3.5,DEVOPS_CLOUD
VKU221378,2.88,3.12,2.54,3.41,2.87,4.0,3.44,3.1,3.17,4.6,4.4,1.0,2.4,3.3,4.5,CYBER_SECURITY
VKU221116,3.3,3.43,3.04,3.44,3.6,2.77,3.72,3.25,3.32,5.0,3.6,1.3,3.3,2.9,5.0,DEVOPS_CLOUD
VKU221167,2.94,3.65,3.0,2.54,3.1,3.3,3.99,2.64,3.15,5.0,3.3,2.3,2.6,2.5,3.9,DEVOPS_CLOUD
VKU220471,3.57,3.47,2.02,3.05,3.54,3.32,2.94,3.94,3.23,4.7,3.6,3.6,2.7,3.1,4.2,SE_FULLSTACK
VKU220972,3.0,2.88,2.81,2.71,3.22,3.93,3.89,3.05,3.19,4.3,4.5,2.0,2.2,2.9,4.8,DEVOPS_CLOUD
VKU220654,3.26,3.81,2.97,3.25,3.28,2.92,3.44,3.49,3.3,3.7,3.7,4.3,2.5,3.3,3.8,SE_FULLSTACK
VKU220400,3.42,2.52,4.0,3.55,3.21,3.25,2.72,3.01,3.21,4.3,4.4,2.8,1.7,1.9,4.1,CS_DATA_AI
VKU220512,3.26,3.3,2.71,3.31,2.88,3.13,3.09,3.89,3.2,4.1,3.4,2.9,3.0,2.4,3.1,SE_FULLSTACK
VKU220321,2.65,2.82,3.79,3.91,3.4,3.03,3.5,2.99,3.26,4.0,4.8,2.2,2.5,3.5,2.2,CS_DATA_AI
VKU220020,3.43,3.48,2.97,3.94,3.26,3.03,2.57,3.17,3.23,4.0,4.6,2.8,2.1,3.1,3.3,CS_DATA_AI
VKU220685,3.24,3.93,2.8,2.84,3.7,3.51,3.01,3.49,3.31,4.5,4.1,2.6,3.0,2.4,3.2,SE_FULLSTACK
VKU220036,4.0,3.77,3.62,4.0,2.78,3.2,3.41,2.87,3.46,3.6,4.7,2.3,2.4,2.0,3.4,CS_DATA_AI
VKU220903,3.63,2.98,2.84,2.68,3.02,3.85,4.0,2.49,3.19,3.9,3.6,1.9,3.1,2.7,4.3,DEVOPS_CLOUD
VKU221779,3.52,3.01,2.62,4.0,3.73,2.21,2.46,2.75,3.04,2.0,4.3,2.5,2.8,4.0,4.9,DATA_ANALYTICS
VKU220828,3.32,3.21,2.96,3.16,3.22,3.38,3.95,3.33,3.32,4.6,4.1,2.2,2.9,2.8,3.9,DEVOPS_CLOUD
VKU221854,2.85,2.59,2.81,3.72,3.71,2.11,2.7,3.02,2.94,2.6,4.6,2.2,3.5,3.5,5.0,DATA_ANALYTICS
VKU220408,3.42,3.18,3.53,3.08,3.35,3.38,3.38,3.96,3.41,5.0,4.5,3.2,3.3,3.3,3.7,SE_FULLSTACK
VKU220921,3.03,2.8,3.0,2.9,3.6,2.84,3.68,2.74,3.07,5.0,4.1,2.2,1.7,3.1,4.8,DEVOPS_CLOUD
VKU220538,2.89,4.0,3.02,2.97,3.36,3.63,2.93,3.71,3.31,4.7,2.8,3.2,3.0,3.8,3.3,SE_FULLSTACK
VKU220759,3.0,3.45,2.78,3.22,3.03,3.02,3.38,4.0,3.23,3.4,3.4,2.8,2.5,2.5,3.3,SE_FULLSTACK
VKU221905,3.02,2.87,2.15,3.94,3.61,2.59,2.64,3.33,3.02,2.8,3.7,2.7,3.5,4.1,4.3,DATA_ANALYTICS
VKU221063,2.47,3.45,2.65,2.58,3.41,3.75,3.47,2.99,3.1,5.0,4.0,1.4,2.1,3.5,5.0,DEVOPS_CLOUD
VKU221200,3.1,3.32,2.43,3.56,3.61,3.5,3.42,3.3,3.28,4.7,3.5,1.2,2.6,2.9,4.3,DEVOPS_CLOUD
VKU220246,4.0,3.1,3.48,3.79,3.81,2.63,3.11,2.85,3.35,3.9,4.7,3.0,2.1,2.8,3.3,CS_DATA_AI
VKU221417,2.7,3.11,3.15,3.71,3.45,3.13,4.0,3.2,3.31,4.4,4.1,1.7,2.1,3.3,4.4,CYBER_SECURITY
VKU221128,3.32,2.47,2.25,2.78,3.03,3.95,3.76,2.74,3.04,4.7,3.5,2.1,3.0,3.3,4.4,DEVOPS_CLOUD
VKU220785,3.06,3.82,2.9,3.06,3.73,3.3,2.78,3.64,3.29,4.0,4.3,3.3,2.9,3.7,4.1,SE_FULLSTACK
VKU221743,3.42,2.73,2.93,4.0,3.94,2.63,1.98,2.72,3.04,2.9,3.8,3.0,3.4,4.7,5.0,DATA_ANALYTICS
VKU220490,3.74,3.28,3.63,3.09,3.39,2.74,3.2,3.64,3.34,4.5,4.3,3.1,2.9,2.4,4.6,SE_FULLSTACK
VKU220155,3.93,3.89,3.3,3.62,3.26,2.9,2.94,3.09,3.37,3.3,4.2,1.8,3.0,2.5,3.5,CS_DATA_AI
VKU220962,3.14,2.91,2.75,2.91,3.07,3.41,3.83,3.25,3.16,4.8,3.3,1.7,2.0,3.5,5.0,DEVOPS_CLOUD
VKU220854,3.89,3.23,2.54,2.82,2.88,3.64,4.0,2.91,3.24,4.4,3.1,1.9,2.7,2.9,4.6,DEVOPS_CLOUD
VKU221312,2.99,3.19,3.73,3.02,2.66,3.75,3.49,2.71,3.19,4.6,4.7,1.7,1.9,3.5,5.0,CYBER_SECURITY
VKU220626,3.78,4.0,3.64,3.01,3.76,3.35,3.45,3.41,3.55,4.2,3.5,2.6,2.6,2.6,4.0,SE_FULLSTACK
VKU220686,3.1,3.33,2.67,2.7,3.55,2.7,2.68,3.93,3.08,5.0,3.6,2.5,2.6,2.7,3.0,SE_FULLSTACK
VKU221562,3.35,3.38,3.25,3.33,3.64,3.76,3.38,2.82,3.36,4.4,4.4,1.3,2.3,3.3,4.9,CYBER_SECURITY
VKU220570,3.55,3.63,2.51,3.43,4.0,3.69,2.85,4.0,3.46,4.6,3.8,3.1,2.6,3.6,4.0,SE_FULLSTACK
VKU221909,3.5,2.23,3.05,3.99,4.0,2.12,2.2,3.07,3.02,2.9,4.2,3.6,3.1,3.4,5.0,DATA_ANALYTICS
VKU220018,2.78,3.38,3.25,3.04,3.86,2.97,3.29,3.5,3.26,3.4,4.6,1.0,2.9,1.7,3.8,CS_DATA_AI
VKU220128,4.0,3.84,3.94,3.75,2.57,2.73,3.12,3.0,3.37,3.7,4.3,2.1,2.8,2.8,3.5,CS_DATA_AI
VKU221347,2.91,3.13,3.41,3.08,3.11,3.8,3.06,2.67,3.15,4.3,5.0,1.3,1.8,2.9,4.6,CYBER_SECURITY
VKU221280,3.65,2.86,3.01,3.31,3.13,4.0,3.5,2.78,3.28,4.5,4.6,1.3,2.2,3.2,4.3,CYBER_SECURITY
VKU221969,3.83,2.68,2.7,3.93,4.0,2.58,2.8,3.5,3.25,2.7,4.4,2.1,3.5,4.3,4.1,DATA_ANALYTICS
VKU220928,2.66,3.08,2.16,3.0,3.01,4.0,4.0,2.81,3.09,4.1,3.4,1.1,3.0,2.2,4.1,DEVOPS_CLOUD
VKU220981,3.42,3.05,2.75,2.92,3.1,3.29,4.0,2.74,3.16,4.8,3.4,1.7,2.7,2.9,4.5,DEVOPS_CLOUD
VKU221965,3.38,2.79,2.79,4.0,3.52,3.02,2.58,3.24,3.17,2.1,4.7,3.2,3.4,3.8,4.9,DATA_ANALYTICS
VKU220191,3.39,3.02,3.31,2.81,3.55,2.59,3.66,3.67,3.25,3.0,4.4,1.8,2.9,2.0,3.7,CS_DATA_AI
VKU221140,2.88,2.95,2.77,2.15,2.87,3.99,3.88,2.59,3.01,4.8,4.3,2.3,2.4,3.0,5.0,DEVOPS_CLOUD
VKU220993,2.57,3.11,3.61,3.18,2.38,3.95,3.71,2.71,3.15,4.5,3.3,1.7,2.6,1.9,4.1,DEVOPS_CLOUD
VKU221956,3.19,3.0,2.58,3.89,3.53,2.63,3.27,3.03,3.14,2.4,4.2,2.7,3.4,3.4,4.1,DATA_ANALYTICS
VKU221657,3.13,3.62,3.06,3.37,3.85,2.9,2.88,3.1,3.24,3.7,4.6,2.8,2.7,4.7,4.0,DATA_ANALYTICS
VKU220607,3.53,3.51,3.4,3.26,3.9,3.14,2.89,3.83,3.43,3.6,3.2,4.5,2.6,2.8,3.8,SE_FULLSTACK
VKU220181,3.87,3.35,3.66,3.41,3.3,2.07,2.87,2.85,3.17,4.3,4.0,2.5,2.7,2.5,3.7,CS_DATA_AI
VKU220302,3.32,2.3,3.97,3.95,2.81,3.11,2.73,2.54,3.09,3.4,5.0,2.5,2.5,2.4,3.3,CS_DATA_AI
VKU220497,3.71,3.39,2.77,2.51,3.69,2.24,3.21,3.37,3.11,4.1,4.3,4.3,2.4,3.2,4.7,SE_FULLSTACK
VKU221721,3.08,3.12,2.94,3.73,3.78,2.41,2.88,3.16,3.14,3.2,3.9,2.7,3.2,3.3,4.1,DATA_ANALYTICS
VKU221710,3.32,2.87,2.71,3.25,3.83,2.46,2.7,3.35,3.06,2.8,3.4,3.0,3.6,3.7,4.5,DATA_ANALYTICS
VKU221888,3.23,2.7,2.81,3.62,3.8,2.57,2.9,2.63,3.03,2.3,4.3,2.6,3.2,4.1,4.7,DATA_ANALYTICS
VKU221992,3.27,3.38,2.85,3.77,3.64,2.53,3.15,2.53,3.14,3.2,4.3,3.5,2.2,4.6,4.2,DATA_ANALYTICS
VKU220518,3.46,3.65,2.72,2.87,3.7,2.94,2.9,4.0,3.28,3.9,3.8,3.3,3.1,1.9,4.0,SE_FULLSTACK
VKU221985,2.91,3.31,2.94,3.64,4.0,2.16,2.98,3.38,3.17,2.1,4.3,2.7,3.6,3.9,4.8,DATA_ANALYTICS
VKU221070,3.59,2.7,2.31,3.19,2.76,3.36,4.0,2.71,3.08,4.3,4.3,1.6,2.6,2.2,4.1,DEVOPS_CLOUD
VKU220477,3.71,3.62,3.51,2.87,2.95,2.95,2.69,3.8,3.26,3.7,4.0,3.6,3.2,2.8,3.9,SE_FULLSTACK
VKU220158,3.34,3.37,3.6,3.83,3.46,3.53,3.09,2.07,3.29,4.4,4.3,3.2,2.5,1.8,2.6,CS_DATA_AI
VKU221244,2.75,3.85,2.65,3.88,3.43,3.73,3.62,2.76,3.33,5.0,4.1,1.9,2.2,2.8,4.0,CYBER_SECURITY
VKU221196,3.84,2.98,2.97,2.88,3.16,3.7,4.0,2.9,3.3,4.9,4.0,1.8,2.5,2.6,4.2,DEVOPS_CLOUD
VKU220017,4.0,3.64,3.53,3.73,3.12,2.33,2.45,3.13,3.24,3.7,4.8,2.3,2.8,3.2,3.1,CS_DATA_AI
VKU221536,3.62,3.46,3.12,3.21,3.51,4.0,3.87,2.76,3.44,4.6,4.0,1.0,1.9,1.4,3.8,CYBER_SECURITY
VKU221073,3.33,3.3,2.3,2.89,2.44,3.23,4.0,3.24,3.09,4.7,3.9,3.4,3.0,2.3,4.6,DEVOPS_CLOUD
VKU221972,3.04,3.02,2.65,4.0,3.06,2.52,2.09,3.2,2.95,2.8,4.2,1.6,3.2,4.1,4.7,DATA_ANALYTICS
VKU220547,3.27,3.85,1.89,2.79,3.94,3.64,2.92,3.66,3.25,3.9,3.3,3.0,2.5,3.7,3.5,SE_FULLSTACK
VKU221540,3.46,3.53,3.19,3.31,3.47,4.0,3.37,2.96,3.41,3.8,4.6,1.8,1.9,2.6,5.0,CYBER_SECURITY
VKU220659,3.7,3.36,2.7,2.56,3.53,3.36,2.97,3.82,3.25,4.2,3.7,3.2,2.9,3.2,3.8,SE_FULLSTACK
VKU221626,2.68,2.69,2.86,3.46,3.7,2.57,2.92,3.01,2.99,2.5,4.0,3.2,3.0,3.7,4.0,DATA_ANALYTICS
VKU221020,3.39,3.16,2.69,2.64,2.96,4.0,3.98,3.23,3.26,5.0,2.9,1.2,2.3,2.2,4.1,DEVOPS_CLOUD
VKU221663,3.28,2.83,2.56,3.6,3.05,2.37,2.27,2.49,2.81,2.8,4.7,2.7,3.7,4.5,4.2,DATA_ANALYTICS
VKU221505,3.23,3.25,3.36,3.23,2.79,3.93,3.46,3.23,3.31,4.4,4.1,2.3,2.2,2.5,4.0,CYBER_SECURITY
VKU220960,3.18,2.92,3.17,2.73,3.45,3.33,3.49,2.84,3.14,4.8,2.5,2.2,1.9,2.2,3.8,DEVOPS_CLOUD
VKU221882,4.0,2.89,2.81,3.09,3.68,3.06,2.53,2.44,3.06,3.1,4.2,2.9,3.5,4.1,4.2,DATA_ANALYTICS
VKU220284,3.54,4.0,4.0,4.0,3.04,3.49,2.45,4.0,3.56,3.5,4.3,1.8,2.7,2.0,3.7,CS_DATA_AI
VKU220798,3.14,3.81,2.61,2.78,3.41,3.29,3.32,3.29,3.21,3.8,3.6,3.3,2.6,2.9,4.1,SE_FULLSTACK
VKU221627,3.28,3.28,2.72,3.69,2.96,2.75,2.92,3.01,3.08,3.0,4.8,3.1,3.4,4.5,4.3,DATA_ANALYTICS
VKU220226,3.34,3.49,3.95,3.45,2.71,3.04,2.86,3.42,3.28,4.1,5.0,2.4,2.3,2.8,3.0,CS_DATA_AI
VKU220027,3.69,3.48,3.3,3.96,3.33,3.06,2.77,3.3,3.36,3.1,4.6,2.3,2.0,2.9,2.8,CS_DATA_AI
VKU221771,2.96,3.0,3.11,3.71,4.0,2.64,2.11,2.32,2.98,2.2,4.8,2.4,3.2,4.5,5.0,DATA_ANALYTICS
VKU220438,3.82,4.0,3.31,2.51,2.37,3.19,3.21,3.87,3.29,4.6,4.2,2.9,2.9,3.5,3.7,SE_FULLSTACK
VKU221949,3.35,3.09,3.56,3.47,4.0,2.73,2.62,2.83,3.21,3.1,4.0,3.0,3.4,4.0,4.8,DATA_ANALYTICS
VKU221389,3.01,3.68,2.83,3.57,3.03,3.84,3.75,2.55,3.28,3.9,4.4,1.5,1.6,3.0,4.0,CYBER_SECURITY
VKU220230,3.83,2.93,3.67,3.33,3.54,3.19,2.92,2.9,3.29,4.5,4.3,1.7,2.7,2.2,3.1,CS_DATA_AI
VKU220038,3.57,4.0,3.99,3.53,3.35,2.72,3.29,3.06,3.44,3.7,4.8,1.4,2.3,2.0,3.6,CS_DATA_AI
VKU220750,3.85,2.48,2.64,3.31,3.67,4.0,2.86,4.0,3.35,5.0,3.9,3.8,3.2,2.7,3.6,SE_FULLSTACK
VKU221046,2.99,3.48,2.8,2.63,3.43,3.7,3.28,3.4,3.21,4.2,4.1,2.5,1.9,2.7,4.2,DEVOPS_CLOUD
VKU221399,3.4,3.71,3.32,3.52,3.14,3.45,3.71,2.51,3.34,4.8,4.7,2.5,2.4,2.9,5.0,CYBER_SECURITY
VKU220470,2.88,4.0,3.16,4.0,2.78,3.38,3.54,4.0,3.47,3.8,3.9,3.7,2.8,2.0,4.4,SE_FULLSTACK
VKU221693,3.15,2.93,3.65,3.33,3.41,2.62,2.75,3.02,3.11,2.4,3.8,3.3,3.9,4.7,5.0,DATA_ANALYTICS
VKU221968,2.83,2.75,2.46,3.95,3.31,3.04,2.83,3.47,3.08,2.0,4.2,3.6,3.6,3.2,3.7,DATA_ANALYTICS
VKU220688,3.32,4.0,2.81,3.19,4.0,3.28,3.82,3.93,3.54,4.8,4.0,3.7,3.1,2.8,3.5,SE_FULLSTACK
VKU221844,3.04,2.46,3.6,3.99,4.0,2.4,2.62,3.16,3.16,2.9,3.8,2.2,3.1,5.0,5.0,DATA_ANALYTICS
VKU220640,3.5,3.36,2.63,2.77,3.92,2.61,3.37,4.0,3.27,4.2,4.3,2.9,2.4,2.8,3.9,SE_FULLSTACK
VKU221713,3.12,2.76,3.1,3.85,3.8,2.71,2.65,3.19,3.15,3.1,3.7,2.6,3.7,3.6,4.9,DATA_ANALYTICS
VKU221219,3.46,2.97,2.52,3.51,2.69,4.0,3.66,2.82,3.2,4.2,4.3,1.9,2.2,3.0,4.0,CYBER_SECURITY
VKU221159,2.79,3.36,1.6,2.75,3.19,3.96,4.0,2.91,3.07,5.0,3.2,1.8,2.4,2.5,4.5,DEVOPS_CLOUD
VKU221416,3.32,2.87,3.46,3.51,3.87,4.0,3.54,3.65,3.53,4.4,4.9,1.0,2.1,2.7,3.4,CYBER_SECURITY
VKU221528,3.19,3.23,3.32,3.39,3.27,4.0,3.65,2.78,3.35,3.8,4.4,1.9,2.7,2.0,3.8,CYBER_SECURITY
VKU221656,3.56,2.59,2.08,3.77,3.56,1.97,3.0,3.15,2.96,2.6,4.2,3.3,3.9,4.0,4.0,DATA_ANALYTICS
VKU221301,2.96,2.72,3.52,3.35,2.94,3.8,3.96,3.18,3.3,4.6,4.4,2.1,2.4,1.7,4.3,CYBER_SECURITY
VKU221823,3.78,2.84,3.17,3.35,3.54,1.9,2.46,3.25,3.04,2.9,3.5,3.6,3.4,3.4,5.0,DATA_ANALYTICS
VKU220801,2.88,2.99,2.57,2.36,3.26,3.08,3.86,3.54,3.07,4.3,4.5,2.2,1.9,2.7,4.5,DEVOPS_CLOUD
VKU221604,2.69,2.94,2.96,3.71,3.85,2.65,3.05,3.14,3.12,2.2,3.7,3.0,2.5,4.2,5.0,DATA_ANALYTICS
VKU220161,4.0,3.82,3.35,4.0,3.55,2.06,3.13,3.21,3.39,3.1,5.0,2.4,2.9,1.9,3.7,CS_DATA_AI
VKU220957,2.94,2.3,2.85,2.99,2.91,3.47,3.95,2.44,2.98,5.0,2.7,2.2,2.1,2.5,5.0,DEVOPS_CLOUD
VKU221187,2.27,3.32,2.19,2.63,2.92,4.0,4.0,3.16,3.06,5.0,4.0,2.6,3.4,2.8,4.4,DEVOPS_CLOUD
VKU220822,3.22,3.13,2.56,2.71,3.13,4.0,3.41,2.86,3.13,4.6,4.2,2.6,3.2,2.1,4.4,DEVOPS_CLOUD
VKU221682,3.12,3.41,3.13,3.82,3.89,2.48,2.56,2.54,3.12,2.3,4.2,2.9,3.5,4.8,4.8,DATA_ANALYTICS
VKU220878,3.56,2.37,2.52,2.65,3.15,3.62,4.0,2.48,3.04,5.0,3.4,1.6,3.0,2.6,4.2,DEVOPS_CLOUD
VKU220914,3.45,3.07,3.57,3.33,3.25,3.53,3.7,3.12,3.38,5.0,3.9,2.0,3.0,2.5,4.5,DEVOPS_CLOUD
VKU220153,3.5,3.29,3.09,2.96,3.16,2.71,2.45,2.95,3.01,3.7,4.7,2.3,2.8,2.8,3.9,CS_DATA_AI
VKU221871,2.94,3.46,3.38,3.3,3.61,2.05,3.88,2.52,3.14,2.4,4.1,2.6,4.0,4.1,4.5,DATA_ANALYTICS
VKU221777,2.95,2.67,2.43,3.99,3.56,2.38,1.99,3.28,2.91,2.9,3.6,2.9,2.7,3.8,4.1,DATA_ANALYTICS
VKU220510,3.75,3.69,3.14,3.26,3.29,2.89,2.73,4.0,3.34,4.4,3.2,3.0,2.4,3.1,4.3,SE_FULLSTACK
VKU221136,3.05,3.14,3.03,2.47,3.64,4.0,3.71,4.0,3.38,5.0,3.8,1.5,2.0,3.1,4.1,DEVOPS_CLOUD
VKU221251,2.76,2.62,2.79,3.7,3.21,3.85,3.91,3.58,3.3,3.9,5.0,1.9,2.6,2.4,4.6,CYBER_SECURITY
VKU221684,2.67,2.9,3.42,3.3,3.98,2.56,2.67,2.73,3.03,2.7,4.6,3.0,3.3,3.8,4.3,DATA_ANALYTICS
VKU220104,3.31,4.0,3.9,3.9,3.54,2.74,2.88,3.79,3.51,3.9,4.5,2.4,2.7,2.2,3.5,CS_DATA_AI
VKU221446,3.03,3.44,3.28,3.36,2.65,3.35,2.96,3.17,3.15,4.6,4.1,1.6,1.9,2.3,4.6,CYBER_SECURITY
VKU221444,3.14,3.26,2.64,3.63,3.64,3.14,4.0,2.51,3.25,4.9,4.2,2.0,1.9,2.2,3.5,CYBER_SECURITY
VKU220587,3.3,3.44,3.07,2.45,3.73,2.97,2.86,3.47,3.16,4.4,4.4,3.6,2.9,3.2,3.8,SE_FULLSTACK
VKU221769,3.51,2.66,2.98,3.45,4.0,2.72,2.14,2.96,3.05,2.6,4.2,3.4,2.5,4.0,4.3,DATA_ANALYTICS
VKU221144,3.5,2.86,2.7,2.6,3.12,3.42,3.61,3.9,3.21,4.4,3.9,1.9,2.5,3.3,3.6,DEVOPS_CLOUD
VKU220054,3.36,3.6,3.07,3.6,2.76,2.7,2.27,3.19,3.07,4.1,4.0,1.8,2.6,3.0,4.1,CS_DATA_AI
VKU220152,3.58,3.69,2.88,3.8,3.14,2.82,3.03,2.57,3.19,3.4,4.1,1.2,2.1,2.1,3.1,CS_DATA_AI
VKU220404,3.24,4.0,2.43,2.01,3.87,2.27,2.96,3.43,3.03,4.3,4.5,3.9,3.0,2.9,3.9,SE_FULLSTACK
VKU221943,3.03,3.31,2.79,3.49,3.88,2.52,2.65,3.16,3.1,2.6,3.9,3.1,3.4,4.7,4.3,DATA_ANALYTICS
VKU220208,3.51,3.31,3.78,3.85,3.36,2.95,3.01,2.95,3.34,4.0,4.5,2.2,2.3,2.5,3.2,CS_DATA_AI
VKU221895,3.43,3.07,2.64,3.67,3.29,3.38,2.78,3.21,3.18,3.1,4.7,2.2,3.5,4.1,3.8,DATA_ANALYTICS
VKU221123,3.06,2.64,2.49,3.56,2.99,3.31,4.0,2.7,3.09,4.8,3.2,1.7,3.1,2.6,3.9,DEVOPS_CLOUD
VKU221891,2.24,2.98,2.19,3.7,4.0,1.86,2.78,3.19,2.87,2.3,3.9,2.9,2.4,4.0,5.0,DATA_ANALYTICS
VKU220009,3.26,3.78,3.84,3.84,3.21,2.54,2.97,3.22,3.33,3.8,5.0,2.1,3.6,2.9,3.1,CS_DATA_AI
VKU221015,3.18,3.51,2.11,2.47,3.41,4.0,3.66,2.63,3.12,4.0,3.4,1.8,3.3,2.2,4.9,DEVOPS_CLOUD
VKU221907,3.11,2.86,2.19,3.73,4.0,2.71,2.07,2.5,2.9,3.3,3.7,2.7,2.8,4.9,4.4,DATA_ANALYTICS
VKU221061,3.5,3.83,3.34,3.22,3.37,3.55,3.79,2.81,3.43,5.0,4.1,2.0,2.0,2.2,4.5,DEVOPS_CLOUD
VKU220453,3.17,3.46,3.37,3.0,3.03,2.96,2.73,4.0,3.21,4.2,4.4,4.2,3.7,2.4,3.6,SE_FULLSTACK
VKU220254,3.42,4.0,3.59,3.86,3.63,2.67,2.62,2.86,3.33,3.5,4.6,2.6,3.1,2.6,3.7,CS_DATA_AI
VKU221328,2.96,3.36,2.91,3.61,2.45,3.66,3.29,3.48,3.21,5.0,3.9,1.5,1.5,3.2,3.8,CYBER_SECURITY
VKU220897,3.25,3.24,2.33,2.73,3.41,3.78,3.1,2.94,3.1,4.7,4.0,2.1,3.0,1.5,3.5,DEVOPS_CLOUD
VKU221734,3.85,2.26,2.57,3.56,3.1,2.33,2.69,2.25,2.83,1.9,3.5,2.5,3.1,3.8,5.0,DATA_ANALYTICS
VKU220881,3.29,3.05,2.46,2.25,3.61,3.41,4.0,3.24,3.16,5.0,4.5,1.4,2.4,2.8,4.3,DEVOPS_CLOUD
VKU221596,3.42,3.72,3.61,3.29,2.69,4.0,3.86,3.05,3.46,4.1,4.5,2.2,2.4,2.2,4.3,CYBER_SECURITY
VKU221889,3.78,2.87,3.47,3.96,4.0,2.64,2.66,3.32,3.34,2.1,4.1,2.6,3.4,3.4,4.9,DATA_ANALYTICS
VKU220624,3.51,3.59,3.06,2.81,4.0,3.71,2.47,3.61,3.34,4.3,3.3,4.1,3.6,2.4,3.0,SE_FULLSTACK
VKU220346,3.05,3.17,3.77,3.56,3.46,2.27,3.0,3.07,3.17,4.2,4.8,2.7,2.5,2.7,2.7,CS_DATA_AI
VKU221703,2.42,2.74,3.03,3.67,3.63,2.71,2.87,3.14,3.03,2.1,4.7,3.1,3.8,4.4,4.5,DATA_ANALYTICS
VKU220263,3.57,3.9,2.94,3.46,3.73,2.74,2.65,2.76,3.22,4.2,4.3,2.4,2.3,2.3,3.4,CS_DATA_AI
VKU221635,3.38,2.93,3.21,4.0,4.0,2.63,2.52,3.58,3.28,2.4,4.3,2.7,3.2,3.3,4.0,DATA_ANALYTICS
VKU221322,3.14,3.08,2.97,3.55,4.0,3.01,3.79,3.38,3.37,3.9,4.5,1.6,2.7,2.5,4.8,CYBER_SECURITY
VKU221439,2.77,2.84,2.98,3.18,3.0,4.0,4.0,2.74,3.19,4.3,4.5,1.5,2.4,3.2,4.2,CYBER_SECURITY
VKU220151,4.0,3.0,3.77,3.27,3.05,2.53,3.03,3.04,3.21,4.0,4.7,2.1,2.3,3.0,3.4,CS_DATA_AI
VKU220473,3.42,3.5,3.11,2.98,3.89,3.34,3.25,4.0,3.44,4.8,4.0,3.4,3.0,2.8,3.9,SE_FULLSTACK
VKU220641,4.0,3.62,2.84,3.3,3.03,2.57,3.78,3.52,3.33,4.9,4.5,3.2,3.5,3.4,4.3,SE_FULLSTACK
VKU221983,2.84,3.47,2.79,3.54,3.55,2.71,2.76,2.42,3.01,2.1,4.6,2.6,3.5,3.2,4.8,DATA_ANALYTICS
VKU221883,3.22,2.01,3.19,2.82,3.88,2.52,2.75,2.73,2.89,3.8,4.1,2.6,3.3,4.2,4.3,DATA_ANALYTICS
VKU220551,3.25,3.07,2.6,2.74,4.0,3.21,2.75,3.73,3.17,4.6,3.9,3.6,3.4,3.2,4.1,SE_FULLSTACK
VKU221780,3.19,3.29,2.95,3.98,3.63,2.68,2.61,3.02,3.17,2.8,3.7,2.7,3.6,5.0,4.0,DATA_ANALYTICS
VKU220929,2.75,2.97,2.75,3.19,3.7,4.0,4.0,2.68,3.25,4.7,3.4,2.2,2.6,2.4,4.2,DEVOPS_CLOUD
VKU220489,3.46,3.64,3.42,3.63,3.94,3.42,2.93,3.6,3.5,4.1,4.1,3.9,2.7,3.6,4.1,SE_FULLSTACK
VKU221812,3.54,2.43,2.46,3.04,3.88,2.36,2.55,2.93,2.9,2.9,4.1,2.9,3.4,3.4,4.9,DATA_ANALYTICS
VKU221172,3.19,3.53,2.4,2.78,3.18,3.78,4.0,3.04,3.24,5.0,3.5,1.1,1.9,3.0,3.8,DEVOPS_CLOUD
VKU220147,3.41,3.19,3.43,4.0,3.55,2.96,2.63,2.73,3.24,3.9,4.6,2.7,2.5,2.4,3.7,CS_DATA_AI
VKU221705,2.64,2.75,2.32,3.44,4.0,2.55,2.17,3.15,2.88,1.9,4.8,2.8,2.9,3.9,4.4,DATA_ANALYTICS
VKU221929,3.21,2.75,3.25,3.54,3.19,2.79,3.56,3.36,3.21,2.1,4.4,3.0,3.0,4.3,5.0,DATA_ANALYTICS
VKU220403,3.04,3.69,3.38,2.66,3.41,3.19,3.41,3.78,3.32,2.8,3.9,4.0,2.4,3.3,4.0,SE_FULLSTACK
VKU220955,3.27,3.32,2.62,3.24,3.13,4.0,4.0,3.21,3.35,4.1,3.9,2.0,2.4,2.4,4.4,DEVOPS_CLOUD
VKU221878,2.79,2.82,2.77,3.85,3.87,1.64,2.47,2.6,2.85,2.7,4.3,2.4,3.8,3.7,4.8,DATA_ANALYTICS
VKU220660,2.43,3.31,2.46,3.25,3.38,2.75,3.84,3.58,3.12,4.8,4.1,3.1,3.3,3.3,3.8,SE_FULLSTACK
VKU221373,3.52,3.16,3.18,3.47,2.54,3.26,3.97,1.87,3.12,5.0,4.6,2.1,1.7,2.3,4.1,CYBER_SECURITY
VKU220464,3.84,3.64,3.51,2.95,3.31,3.32,2.87,3.51,3.37,4.7,3.4,3.9,3.2,3.0,2.9,SE_FULLSTACK
VKU221350,3.66,3.72,3.06,3.55,3.48,3.73,3.54,2.42,3.4,4.1,4.7,1.6,1.2,3.0,4.6,CYBER_SECURITY
VKU220187,3.69,4.0,3.89,3.28,2.96,3.95,3.17,2.94,3.48,3.7,4.7,2.9,2.4,2.3,3.1,CS_DATA_AI
VKU221148,3.51,3.29,2.85,2.3,3.63,3.49,3.61,3.36,3.25,5.0,3.8,1.3,2.5,2.9,3.7,DEVOPS_CLOUD
VKU221225,2.93,2.75,3.52,3.57,3.62,4.0,3.55,3.01,3.37,4.6,4.4,2.2,1.9,2.8,4.4,CYBER_SECURITY
VKU220609,3.72,3.71,2.89,3.47,3.41,3.34,3.33,3.83,3.46,4.8,4.2,4.1,2.6,3.5,3.5,SE_FULLSTACK
VKU220144,4.0,4.0,3.27,3.31,3.38,2.97,3.03,2.87,3.35,4.3,4.7,1.6,1.9,2.4,4.2,CS_DATA_AI
VKU220752,3.66,3.66,2.39,2.14,3.51,3.46,2.85,3.54,3.15,3.6,3.9,3.1,2.3,2.6,4.7,SE_FULLSTACK
VKU221535,2.66,3.07,3.02,3.74,3.48,3.54,3.98,2.89,3.3,4.0,4.5,1.7,1.9,2.0,4.4,CYBER_SECURITY
VKU220982,3.42,3.45,2.63,3.39,3.13,3.64,3.85,2.6,3.26,4.2,4.2,2.3,3.1,3.4,4.7,DEVOPS_CLOUD
VKU220198,4.0,3.63,3.51,3.87,2.35,2.58,2.83,3.32,3.26,3.4,4.7,2.2,2.1,2.4,3.8,CS_DATA_AI
VKU221634,3.81,2.47,2.52,4.0,4.0,2.8,2.55,2.8,3.12,2.0,4.2,2.5,2.8,4.4,4.8,DATA_ANALYTICS
VKU220884,3.63,2.88,2.93,2.55,2.78,3.33,3.95,3.62,3.21,5.0,3.3,2.3,3.0,3.1,5.0,DEVOPS_CLOUD
VKU220280,3.73,3.33,3.17,3.58,3.1,2.28,2.56,3.04,3.1,3.9,4.1,3.0,2.6,2.4,3.2,CS_DATA_AI
VKU220294,3.09,3.94,3.85,3.53,3.82,3.11,3.81,3.03,3.52,4.2,5.0,2.2,3.2,2.0,3.3,CS_DATA_AI
VKU221824,3.5,3.01,2.68,4.0,3.86,1.42,2.52,4.0,3.12,2.8,3.3,3.4,3.2,3.9,5.0,DATA_ANALYTICS
VKU220401,3.5,3.92,2.54,2.89,3.74,3.33,2.99,3.71,3.33,5.0,4.2,3.1,2.9,3.0,4.6,SE_FULLSTACK
VKU220123,3.45,3.98,3.5,4.0,3.16,3.29,2.55,3.25,3.4,3.6,4.6,1.9,2.0,2.9,3.4,CS_DATA_AI
VKU221208,3.25,3.86,3.94,3.44,3.03,3.62,3.52,3.01,3.46,4.6,4.0,1.7,1.4,2.0,4.0,CYBER_SECURITY
VKU220203,3.25,2.9,3.84,3.84,2.85,3.11,2.87,2.91,3.2,3.5,4.2,2.9,1.9,2.7,4.0,CS_DATA_AI
VKU221463,3.02,3.45,2.97,3.35,3.09,3.39,3.75,3.53,3.32,4.5,5.0,2.2,2.8,2.0,4.0,CYBER_SECURITY
VKU220836,2.76,2.55,2.58,3.4,2.84,4.0,3.48,3.08,3.09,5.0,4.3,2.0,2.3,2.7,4.9,DEVOPS_CLOUD
VKU220247,2.92,2.81,3.14,3.47,4.0,3.04,3.02,3.91,3.29,3.3,4.8,2.9,2.8,3.4,3.6,CS_DATA_AI
VKU221440,2.65,3.59,3.23,3.18,3.59,3.85,3.78,2.8,3.33,3.4,4.8,1.7,2.3,2.6,4.0,CYBER_SECURITY
VKU221754,3.08,2.72,2.72,3.28,3.72,2.29,4.0,2.85,3.08,2.7,2.9,2.5,3.6,4.2,3.8,DATA_ANALYTICS
VKU221902,3.09,3.09,3.51,3.59,4.0,3.08,2.32,2.34,3.13,2.4,4.7,2.7,3.3,4.2,4.5,DATA_ANALYTICS
VKU221708,3.1,2.99,3.16,3.63,3.59,2.51,3.14,3.45,3.2,2.4,4.2,2.8,2.9,4.5,5.0,DATA_ANALYTICS
VKU221881,3.32,3.01,2.8,3.45,3.79,3.1,2.2,2.94,3.08,2.7,4.1,3.2,3.7,4.6,4.0,DATA_ANALYTICS
VKU221154,3.17,3.17,2.62,3.22,2.93,3.63,3.49,3.73,3.25,5.0,3.4,1.8,2.4,3.0,3.6,DEVOPS_CLOUD
VKU221662,3.35,2.89,2.28,3.63,3.89,2.78,2.74,3.23,3.1,2.4,4.7,3.0,4.0,3.9,4.5,DATA_ANALYTICS
VKU221427,3.82,2.89,2.88,2.73,3.63,3.98,3.93,3.32,3.4,4.6,5.0,1.1,2.3,3.2,4.5,CYBER_SECURITY
VKU220385,2.85,3.66,3.9,3.37,4.0,2.94,2.79,3.21,3.34,3.2,4.5,2.8,2.4,2.7,3.7,CS_DATA_AI
VKU221759,2.86,2.36,3.27,2.86,3.61,2.82,3.44,3.74,3.12,2.5,3.6,3.1,3.7,4.6,4.8,DATA_ANALYTICS
VKU220855,3.32,2.57,2.64,2.6,3.19,4.0,4.0,3.06,3.17,4.8,3.7,2.4,2.7,2.1,4.3,DEVOPS_CLOUD
VKU221590,3.28,3.69,2.82,3.25,3.32,3.73,4.0,2.85,3.37,4.2,5.0,1.5,2.1,2.3,4.0,CYBER_SECURITY
VKU220220,3.71,3.73,3.87,3.42,2.55,2.86,3.38,2.86,3.3,4.1,5.0,2.5,2.4,2.4,3.5,CS_DATA_AI
VKU220642,4.0,3.99,2.25,3.01,3.53,2.9,2.98,3.75,3.3,4.1,4.5,3.4,3.3,2.9,5.0,SE_FULLSTACK
VKU220002,2.62,4.0,3.29,4.0,2.94,2.74,2.92,3.24,3.22,5.0,5.0,2.3,2.8,2.1,2.8,CS_DATA_AI
VKU220113,3.63,3.39,3.46,4.0,3.07,3.22,2.79,3.08,3.33,4.2,3.6,3.3,2.8,2.5,3.3,CS_DATA_AI
VKU220699,3.86,3.64,3.16,3.22,3.62,2.97,3.23,3.51,3.4,3.6,3.0,4.1,3.1,3.3,3.3,SE_FULLSTACK
VKU221916,2.83,2.92,2.26,3.17,3.69,2.93,2.57,3.49,2.98,2.5,3.3,3.0,3.7,4.9,4.9,DATA_ANALYTICS
VKU220952,3.49,3.1,3.41,3.09,2.88,4.0,4.0,3.22,3.4,5.0,3.7,1.9,2.0,2.7,4.5,DEVOPS_CLOUD
VKU221649,2.29,3.03,2.72,3.75,3.66,2.4,2.44,2.44,2.84,2.1,4.4,3.5,3.4,4.2,4.3,DATA_ANALYTICS
VKU221637,3.31,3.04,2.67,3.56,3.75,2.83,2.76,2.34,3.03,2.1,4.2,2.3,4.4,4.6,4.6,DATA_ANALYTICS
VKU221886,3.76,2.97,2.3,2.94,4.0,2.23,2.75,2.69,2.96,2.3,3.9,2.2,3.7,4.5,4.5,DATA_ANALYTICS
VKU221411,3.25,3.58,3.1,3.27,3.14,4.0,3.95,2.13,3.3,4.2,4.7,2.0,2.4,3.0,4.4,CYBER_SECURITY
VKU221410,3.38,3.26,3.08,3.35,3.07,3.12,4.0,3.35,3.33,5.0,4.4,2.0,3.6,3.1,4.1,CYBER_SECURITY
VKU221534,3.88,3.01,3.32,3.53,2.57,3.8,3.3,2.57,3.25,4.5,4.8,1.6,2.0,2.6,4.1,CYBER_SECURITY
VKU221292,3.84,3.57,3.23,3.49,2.84,4.0,3.77,2.81,3.44,4.5,4.1,2.0,1.9,2.4,4.0,CYBER_SECURITY
VKU221809,3.04,3.33,3.04,3.57,4.0,2.99,2.01,3.07,3.13,2.9,4.2,3.4,3.6,4.1,4.4,DATA_ANALYTICS
VKU220442,3.94,3.64,2.51,2.86,3.97,3.05,2.86,4.0,3.35,3.8,2.6,3.3,2.9,2.9,3.9,SE_FULLSTACK
VKU221521,3.28,3.12,2.68,2.99,2.77,3.35,3.47,3.21,3.11,4.7,4.8,2.3,1.6,2.9,4.6,CYBER_SECURITY
VKU221137,3.16,2.78,2.94,1.99,3.69,4.0,4.0,2.5,3.13,4.9,4.2,1.5,1.8,2.9,4.9,DEVOPS_CLOUD
VKU221716,3.06,3.44,2.36,3.86,3.94,3.15,2.25,2.77,3.1,2.6,3.0,3.5,2.8,4.1,4.8,DATA_ANALYTICS
VKU221257,2.98,3.31,3.4,3.16,3.09,3.74,3.77,2.89,3.29,4.1,4.6,1.4,2.2,2.3,4.0,CYBER_SECURITY
VKU221864,3.41,2.43,3.13,2.79,3.73,2.35,3.28,2.35,2.93,2.7,3.5,2.8,3.3,3.4,4.3,DATA_ANALYTICS
VKU221632,3.15,2.38,2.3,3.91,3.99,2.57,2.83,2.62,2.97,2.5,3.7,2.4,3.3,3.6,5.0,DATA_ANALYTICS
VKU221696,2.6,2.26,3.08,3.49,3.82,3.0,2.95,2.35,2.94,1.6,4.5,3.1,4.1,3.5,4.1,DATA_ANALYTICS
VKU221398,3.92,2.74,2.97,2.88,2.96,4.0,3.64,2.67,3.22,4.3,5.0,1.7,1.5,3.1,4.4,CYBER_SECURITY
VKU220664,4.0,3.87,2.82,3.17,2.88,2.85,3.12,3.86,3.32,3.9,3.6,3.7,2.5,2.7,2.9,SE_FULLSTACK
VKU221836,3.5,3.04,2.58,3.81,3.71,2.74,2.87,2.58,3.1,3.5,3.8,3.1,3.1,3.9,4.9,DATA_ANALYTICS
VKU221258,2.79,3.43,3.36,3.14,2.65,4.0,3.36,2.6,3.17,4.1,5.0,1.7,1.4,3.6,3.7,CYBER_SECURITY
VKU221774,3.19,2.51,3.22,4.0,3.52,3.03,2.32,3.03,3.1,2.3,3.3,3.2,3.6,3.9,4.4,DATA_ANALYTICS
VKU221701,3.13,2.85,2.07,3.2,3.28,2.4,2.89,3.05,2.86,2.1,4.0,3.5,3.6,3.1,5.0,DATA_ANALYTICS
VKU220318,3.36,3.54,3.44,3.91,3.0,2.63,3.01,2.99,3.23,3.0,4.9,2.7,2.0,2.5,3.6,CS_DATA_AI
VKU220649,3.9,3.65,2.97,2.63,3.16,2.75,4.0,3.87,3.37,5.0,3.5,3.2,3.3,3.1,3.2,SE_FULLSTACK
VKU221435,3.52,3.65,3.09,2.94,3.46,4.0,3.96,2.68,3.41,4.9,4.7,1.0,2.1,2.0,3.6,CYBER_SECURITY
VKU221480,3.86,3.72,3.55,3.4,3.63,3.8,3.29,3.05,3.54,3.9,4.7,2.0,1.8,3.4,3.8,CYBER_SECURITY
VKU220710,3.2,3.22,3.11,2.66,3.16,2.42,2.85,4.0,3.08,3.9,4.9,3.7,3.2,3.5,3.8,SE_FULLSTACK
VKU221383,3.26,4.0,3.35,3.17,3.19,3.51,3.87,2.86,3.4,4.1,4.7,1.3,2.4,3.2,4.0,CYBER_SECURITY
VKU221283,2.66,3.34,2.69,3.42,2.84,4.0,3.75,3.05,3.22,4.6,4.4,1.8,2.4,3.5,4.4,CYBER_SECURITY
VKU220973,3.8,2.64,2.75,3.38,3.72,3.64,4.0,3.2,3.39,5.0,3.9,2.1,2.0,2.5,4.4,DEVOPS_CLOUD
VKU220628,3.57,3.11,3.42,3.28,3.2,3.03,2.93,4.0,3.32,3.6,4.1,4.2,3.2,2.5,3.1,SE_FULLSTACK
VKU220633,2.52,3.16,3.23,2.91,4.0,4.0,3.13,2.91,3.23,3.6,3.9,3.6,2.8,2.2,3.2,SE_FULLSTACK
VKU221307,3.72,3.81,2.77,3.91,3.19,3.33,3.54,2.87,3.39,4.9,4.7,2.0,2.3,2.5,3.7,CYBER_SECURITY
VKU221401,3.15,3.6,3.06,3.54,3.08,3.23,3.56,3.28,3.31,4.1,5.0,1.5,2.2,2.4,3.2,CYBER_SECURITY
VKU221409,3.39,3.78,3.39,2.75,3.34,3.6,3.58,2.64,3.31,4.2,3.9,1.2,2.6,1.7,3.9,CYBER_SECURITY
VKU221249,2.55,3.52,3.38,3.14,2.47,4.0,3.97,3.23,3.28,4.2,4.4,1.0,2.2,3.0,4.3,CYBER_SECURITY
VKU221953,3.83,2.58,2.99,3.04,3.89,2.34,2.38,2.48,2.94,2.0,4.9,3.1,2.9,4.6,4.4,DATA_ANALYTICS
VKU221255,3.53,3.23,3.77,2.26,3.2,2.58,3.89,4.0,3.31,4.5,4.7,1.0,2.3,2.7,4.0,CYBER_SECURITY
VKU221497,3.04,4.0,3.08,3.11,2.92,4.0,4.0,2.93,3.38,5.0,4.4,1.0,1.0,1.9,4.0,CYBER_SECURITY
VKU221372,3.59,3.43,2.71,2.6,3.68,3.97,3.12,2.77,3.23,4.1,4.1,1.2,2.6,2.3,4.0,CYBER_SECURITY
VKU221530,3.12,3.0,3.03,3.43,3.07,2.94,3.54,3.1,3.15,4.8,4.7,1.0,1.4,2.4,4.4,CYBER_SECURITY
VKU221664,4.0,2.8,4.0,3.45,3.85,3.18,2.38,2.45,3.26,2.3,3.8,2.9,3.4,3.8,4.5,DATA_ANALYTICS
VKU221355,2.86,3.21,2.62,3.53,2.78,3.79,3.92,2.41,3.14,3.7,3.3,2.0,2.8,2.3,3.4,CYBER_SECURITY
VKU221926,2.89,2.49,3.39,3.12,4.0,2.71,2.93,2.73,3.03,2.9,4.7,3.1,3.0,3.3,4.7,DATA_ANALYTICS
VKU221901,2.55,2.31,2.08,3.54,3.98,2.92,2.66,2.5,2.82,3.1,3.7,3.0,3.5,4.7,3.8,DATA_ANALYTICS
VKU221644,3.09,2.33,3.09,3.91,3.85,3.23,2.57,2.56,3.08,2.8,4.0,2.9,4.5,4.8,5.0,DATA_ANALYTICS
VKU221849,3.36,3.44,3.17,3.84,4.0,2.89,2.13,2.6,3.18,3.1,4.2,2.7,3.0,3.5,4.8,DATA_ANALYTICS
VKU220796,3.33,4.0,3.02,2.69,4.0,3.36,3.5,4.0,3.49,5.0,4.0,3.4,2.6,2.3,2.8,SE_FULLSTACK
VKU220646,3.67,3.15,3.03,3.83,3.7,3.5,2.51,3.69,3.38,4.0,4.3,3.7,2.3,3.0,4.4,SE_FULLSTACK
VKU221013,2.98,3.47,3.47,2.9,3.64,4.0,3.91,3.34,3.46,4.8,4.4,2.1,1.8,2.6,4.0,DEVOPS_CLOUD
VKU221840,2.34,3.03,2.54,3.25,2.75,2.92,2.94,2.64,2.8,2.7,4.3,2.4,3.6,4.8,5.0,DATA_ANALYTICS
VKU220557,3.11,3.52,3.31,2.82,3.46,2.65,2.69,3.63,3.15,3.9,4.3,2.8,2.4,3.1,4.2,SE_FULLSTACK
VKU220682,3.99,3.3,3.21,2.93,3.69,3.15,3.85,3.63,3.47,4.4,4.1,2.0,2.8,2.7,4.8,SE_FULLSTACK
VKU220578,3.79,3.92,3.34,3.04,3.31,2.4,3.52,3.86,3.4,4.3,4.3,3.1,4.1,2.4,3.9,SE_FULLSTACK
VKU221110,3.4,2.76,2.82,2.87,3.44,3.54,3.95,3.11,3.24,4.6,3.8,1.0,2.8,3.0,5.0,DEVOPS_CLOUD
VKU221267,3.4,4.0,3.28,3.5,3.6,3.73,3.05,2.79,3.42,4.1,4.1,1.5,2.3,2.4,4.1,CYBER_SECURITY
VKU221723,3.11,2.83,3.02,3.2,4.0,2.82,2.67,2.84,3.06,2.9,5.0,1.7,3.2,4.2,4.3,DATA_ANALYTICS
VKU221184,3.52,3.47,2.37,2.85,3.25,3.09,4.0,2.8,3.17,5.0,3.1,2.1,2.4,3.0,4.8,DEVOPS_CLOUD
VKU220525,3.79,4.0,2.85,2.38,2.7,2.71,2.92,3.61,3.12,4.9,3.4,3.2,2.2,3.4,3.9,SE_FULLSTACK
VKU221060,4.0,3.58,3.25,3.12,2.88,3.83,4.0,2.95,3.45,4.9,4.1,2.0,2.5,3.1,5.0,DEVOPS_CLOUD
VKU220541,3.19,3.14,2.66,2.46,2.55,2.21,2.82,3.18,2.78,3.2,3.2,4.0,3.0,3.6,4.3,SE_FULLSTACK
VKU221195,3.28,3.19,2.57,3.12,3.58,4.0,3.85,2.99,3.32,4.7,3.8,1.9,3.3,3.0,4.8,DEVOPS_CLOUD
VKU221679,2.99,2.5,2.65,3.45,3.68,2.31,2.99,3.63,3.02,2.7,4.3,2.8,3.4,3.8,5.0,DATA_ANALYTICS
VKU220749,3.63,3.72,2.79,2.81,3.82,3.47,2.85,4.0,3.39,4.7,3.5,3.5,3.7,3.2,4.4,SE_FULLSTACK
VKU221852,3.25,2.38,3.02,3.63,3.73,2.23,2.8,2.82,2.98,2.0,4.6,2.6,3.6,4.2,3.9,DATA_ANALYTICS
VKU221431,3.24,3.3,3.27,2.55,2.76,3.72,3.56,3.05,3.18,4.0,4.7,2.4,2.5,2.3,3.8,CYBER_SECURITY
VKU220485,3.63,3.3,3.01,2.21,3.56,2.79,3.03,3.54,3.13,4.3,3.6,3.6,3.8,2.5,4.1,SE_FULLSTACK
VKU221758,3.97,2.72,2.98,3.45,3.98,2.01,2.67,2.47,3.03,2.7,3.9,2.4,3.6,5.0,4.4,DATA_ANALYTICS
VKU220096,3.21,3.76,3.6,3.29,3.12,3.0,2.63,2.68,3.16,3.5,4.8,2.4,2.7,3.3,4.2,CS_DATA_AI
VKU221021,3.04,3.01,3.3,2.81,3.24,3.66,4.0,2.81,3.23,5.0,3.3,2.1,2.6,2.1,5.0,DEVOPS_CLOUD
VKU220564,3.47,3.95,3.31,2.45,3.28,3.3,2.89,3.51,3.27,4.4,4.9,3.7,3.3,3.6,4.0,SE_FULLSTACK
VKU221265,3.18,3.23,3.48,3.6,3.45,3.63,3.23,2.75,3.32,4.3,4.8,1.2,2.7,2.8,4.4,CYBER_SECURITY
VKU220743,3.41,3.9,2.49,3.21,3.91,3.44,3.42,3.4,3.4,4.4,3.0,3.8,2.7,3.0,3.6,SE_FULLSTACK
VKU220864,3.09,2.68,2.7,3.22,1.96,3.99,3.68,2.99,3.04,5.0,3.1,1.7,2.2,3.7,3.9,DEVOPS_CLOUD
VKU221599,3.08,3.77,3.85,3.34,3.0,3.43,4.0,2.56,3.38,4.0,4.9,2.2,1.9,2.7,4.3,CYBER_SECURITY
VKU221715,3.47,2.94,3.02,3.29,4.0,2.7,2.56,2.7,3.08,2.4,4.2,3.1,4.0,4.2,4.0,DATA_ANALYTICS
VKU221485,3.3,3.45,3.14,3.63,3.6,4.0,3.89,2.82,3.48,4.9,4.3,1.7,2.5,2.2,3.6,CYBER_SECURITY
VKU220892,3.24,3.17,2.52,3.05,2.7,3.82,3.11,3.3,3.11,4.8,3.3,2.0,2.1,2.0,3.7,DEVOPS_CLOUD
VKU221578,3.12,3.15,3.09,3.33,3.3,3.73,3.61,2.8,3.27,3.6,4.5,1.7,2.1,2.5,4.2,CYBER_SECURITY
VKU221039,3.64,3.6,2.75,2.91,3.39,3.2,4.0,3.07,3.32,4.2,3.5,1.5,2.7,2.5,3.7,DEVOPS_CLOUD
VKU220207,2.76,3.33,3.88,3.15,2.25,3.0,3.09,2.72,3.02,3.8,4.3,2.4,1.1,2.2,3.0,CS_DATA_AI
VKU220393,4.0,3.84,2.87,3.37,2.9,2.82,2.85,3.63,3.29,3.7,5.0,1.5,1.8,2.6,4.5,CS_DATA_AI
VKU220795,3.67,3.07,3.64,2.6,3.31,2.36,3.54,3.11,3.16,4.3,4.3,3.1,2.9,2.1,4.4,SE_FULLSTACK
VKU220871,2.72,2.77,2.35,3.03,3.03,3.56,4.0,3.57,3.13,4.8,3.8,2.9,3.0,3.5,3.9,DEVOPS_CLOUD
VKU220398,3.88,3.62,3.68,3.91,3.6,2.49,2.77,2.23,3.27,3.9,4.5,2.2,2.3,1.8,4.7,CS_DATA_AI
VKU220767,2.41,3.95,3.17,2.83,3.61,2.5,3.11,3.37,3.12,4.9,4.1,3.6,3.2,2.6,3.1,SE_FULLSTACK
VKU221842,3.33,2.84,2.66,3.69,4.0,2.26,2.47,2.75,3.0,2.4,4.0,2.1,3.6,4.3,4.9,DATA_ANALYTICS
VKU221242,3.54,3.58,2.98,3.5,3.09,4.0,3.73,2.37,3.35,3.5,5.0,2.0,2.1,1.8,4.2,CYBER_SECURITY
VKU221029,3.36,3.41,3.01,2.41,3.29,3.51,4.0,3.08,3.26,4.5,3.6,1.4,2.3,3.2,4.7,DEVOPS_CLOUD
VKU221793,2.96,3.32,3.35,3.98,3.22,2.76,2.83,2.71,3.14,2.6,4.4,2.0,3.0,4.4,3.9,DATA_ANALYTICS
VKU220643,3.66,4.0,2.91,3.77,3.96,3.12,3.27,4.0,3.59,3.8,2.1,3.0,2.7,3.0,3.7,SE_FULLSTACK
VKU221892,3.06,3.18,2.79,3.51,3.55,2.95,2.84,2.8,3.08,3.2,3.7,2.5,3.4,4.4,4.7,DATA_ANALYTICS
VKU220613,3.5,3.76,2.57,2.85,4.0,2.83,3.17,3.89,3.32,3.8,3.3,2.2,2.8,3.0,3.8,SE_FULLSTACK
VKU221763,3.32,3.2,3.28,3.89,3.34,2.7,2.13,2.88,3.09,2.8,4.7,2.7,4.7,3.9,4.1,DATA_ANALYTICS
VKU220961,3.29,3.61,2.99,3.16,2.85,4.0,4.0,3.28,3.4,4.8,3.8,2.2,2.7,2.6,4.2,DEVOPS_CLOUD
VKU221571,3.25,2.84,3.16,3.74,3.06,4.0,3.63,2.59,3.28,4.5,4.9,1.0,2.5,2.8,4.9,CYBER_SECURITY
VKU220726,3.93,3.82,3.04,2.98,3.46,3.4,3.14,3.98,3.47,4.9,4.0,4.1,3.2,3.3,3.4,SE_FULLSTACK
VKU220684,3.51,3.22,2.88,2.92,3.56,2.76,3.18,3.55,3.2,4.5,4.3,3.5,2.5,3.2,4.2,SE_FULLSTACK
VKU220099,3.67,4.0,3.46,3.58,3.46,2.97,2.92,2.79,3.36,4.0,3.8,2.7,3.2,2.3,3.7,CS_DATA_AI
VKU220805,3.31,3.15,2.98,2.66,3.73,3.7,3.26,3.44,3.28,4.6,4.1,2.2,3.2,3.1,4.4,DEVOPS_CLOUD
VKU221752,3.86,2.97,3.13,4.0,4.0,2.88,2.86,2.1,3.23,2.6,4.1,3.3,3.8,4.9,4.8,DATA_ANALYTICS
VKU221598,3.12,3.48,3.35,3.56,3.13,4.0,3.82,2.5,3.37,4.2,5.0,1.8,2.0,2.8,4.2,CYBER_SECURITY
VKU220407,4.0,3.44,3.39,2.98,4.0,3.48,2.76,3.78,3.48,4.3,4.0,3.6,2.9,2.8,4.1,SE_FULLSTACK
VKU220503,3.17,3.31,3.14,3.46,2.94,2.95,2.7,4.0,3.21,3.7,3.5,3.1,3.5,2.8,4.6,SE_FULLSTACK
VKU221072,3.07,3.54,3.29,3.06,2.5,3.89,3.99,2.95,3.29,5.0,3.9,1.6,2.5,2.4,5.0,DEVOPS_CLOUD
VKU221057,2.88,3.53,2.18,2.99,2.94,3.88,3.37,3.64,3.18,4.8,4.6,1.9,2.8,2.3,4.8,DEVOPS_CLOUD
VKU220930,2.94,3.39,3.14,2.8,3.41,3.72,3.69,3.0,3.26,4.4,3.9,1.8,2.2,2.7,4.6,DEVOPS_CLOUD
VKU220780,3.21,3.23,3.38,3.13,3.98,3.03,2.76,2.89,3.2,4.2,4.3,2.5,2.2,2.9,4.2,SE_FULLSTACK
VKU220201,3.72,3.79,3.36,3.43,3.57,3.19,2.94,3.67,3.46,3.8,4.5,1.7,2.4,2.5,3.3,CS_DATA_AI
VKU220135,3.93,3.38,3.32,3.75,3.33,2.54,2.53,2.96,3.22,4.1,4.6,2.3,2.2,1.7,2.6,CS_DATA_AI
VKU221052,3.67,2.91,2.53,3.48,3.09,3.7,3.88,2.78,3.25,4.7,3.6,1.6,2.7,2.9,4.8,DEVOPS_CLOUD
VKU220041,3.15,3.99,3.53,4.0,3.77,2.91,3.05,3.7,3.51,3.3,3.5,2.0,1.9,3.8,3.2,CS_DATA_AI
VKU221018,3.03,3.67,2.84,2.54,3.48,3.89,4.0,2.48,3.24,4.8,3.4,1.9,2.0,2.3,4.6,DEVOPS_CLOUD
VKU220231,3.89,3.33,3.13,4.0,3.2,3.17,3.11,2.79,3.33,3.8,4.6,2.0,2.4,2.7,3.2,CS_DATA_AI
VKU221514,3.42,3.2,3.33,2.97,3.48,3.27,3.8,2.49,3.25,3.7,4.6,2.0,2.0,2.6,4.3,CYBER_SECURITY
VKU221797,3.46,3.41,3.1,3.75,4.0,2.83,2.68,2.97,3.27,2.1,4.0,2.9,3.0,3.9,4.8,DATA_ANALYTICS
VKU220379,4.0,3.46,3.21,3.56,3.29,2.97,2.63,2.0,3.14,4.2,4.3,2.2,2.5,2.2,4.5,CS_DATA_AI
VKU220289,3.73,3.62,3.54,3.76,3.46,3.02,3.04,3.07,3.4,3.4,4.6,2.2,2.5,2.4,3.5,CS_DATA_AI
VKU220419,3.26,3.6,2.22,3.57,3.52,3.29,2.41,4.0,3.23,4.8,3.7,4.6,3.5,3.5,4.3,SE_FULLSTACK
VKU221699,3.67,2.76,2.79,3.72,3.55,3.28,2.8,3.19,3.22,1.7,4.3,2.9,3.0,5.0,5.0,DATA_ANALYTICS
VKU220392,3.71,3.21,3.49,3.52,3.75,3.0,2.89,3.46,3.38,3.7,4.6,2.0,3.0,2.3,3.2,CS_DATA_AI
VKU220593,4.0,4.0,3.09,2.91,3.19,3.34,3.61,3.75,3.49,3.7,4.6,3.7,2.8,3.3,3.3,SE_FULLSTACK
VKU221523,3.62,3.46,2.93,3.62,2.98,3.44,3.31,3.38,3.34,3.9,4.8,1.1,1.9,3.1,4.9,CYBER_SECURITY
VKU221163,4.0,3.12,3.29,3.17,3.05,3.52,4.0,2.82,3.37,4.2,3.9,2.4,2.7,3.2,3.8,DEVOPS_CLOUD
VKU221087,3.62,2.7,2.27,2.67,2.91,4.0,4.0,3.35,3.19,4.6,3.6,2.1,2.1,2.8,4.5,DEVOPS_CLOUD
VKU221496,2.62,3.01,2.38,3.41,3.49,3.17,3.9,2.1,3.01,5.0,4.0,1.9,1.9,2.8,4.6,CYBER_SECURITY
VKU220648,3.24,4.0,3.37,2.67,3.08,2.91,3.27,3.77,3.29,3.8,4.2,2.8,2.5,2.5,4.0,SE_FULLSTACK
VKU221153,3.37,3.36,3.17,2.61,3.22,3.71,4.0,4.0,3.43,4.4,3.6,1.6,2.1,2.7,4.3,DEVOPS_CLOUD
VKU221368,4.0,3.03,3.25,2.98,3.24,4.0,3.79,3.1,3.42,4.6,4.6,1.8,1.7,2.7,4.3,CYBER_SECURITY
VKU220521,3.89,3.53,3.62,2.74,3.41,2.83,2.75,3.96,3.34,4.2,4.2,3.1,3.4,2.9,5.0,SE_FULLSTACK
VKU221863,2.89,3.11,3.34,3.24,3.85,1.82,2.99,2.33,2.95,2.1,3.8,2.3,3.1,3.4,4.6,DATA_ANALYTICS
VKU220065,3.63,3.75,4.0,3.3,3.39,2.8,2.85,3.51,3.4,4.1,4.9,2.0,2.3,2.1,3.3,CS_DATA_AI
VKU221837,3.13,3.65,2.95,3.91,4.0,2.62,3.42,3.2,3.36,2.3,3.9,2.6,3.7,4.1,4.2,DATA_ANALYTICS
VKU220015,3.64,3.35,4.0,3.36,3.98,2.79,2.97,2.92,3.38,4.6,3.8,2.9,2.6,2.4,3.3,CS_DATA_AI
VKU221181,2.91,3.13,2.93,3.36,2.73,4.0,3.98,2.92,3.25,4.4,4.0,1.6,2.5,2.5,4.5,DEVOPS_CLOUD
VKU221065,2.84,4.0,2.18,3.17,3.2,3.66,4.0,2.97,3.25,5.0,4.3,1.1,1.9,2.4,3.7,DEVOPS_CLOUD
VKU220493,3.19,3.44,3.48,3.11,3.44,3.23,2.69,3.94,3.31,3.6,3.8,3.4,2.9,3.9,3.7,SE_FULLSTACK
VKU220380,3.11,3.05,3.14,3.91,4.0,2.2,3.31,3.03,3.22,3.7,4.8,2.6,2.7,3.1,3.0,CS_DATA_AI
VKU220188,3.3,2.99,3.67,3.4,3.81,2.81,3.06,2.68,3.21,3.6,4.6,2.1,2.6,2.9,3.4,CS_DATA_AI
VKU220764,3.61,3.8,3.04,2.69,3.54,2.58,2.99,4.0,3.28,3.8,3.8,3.1,3.5,3.1,4.6,SE_FULLSTACK
VKU220217,3.72,3.19,3.31,3.67,3.17,3.45,3.27,3.08,3.36,3.5,4.6,2.2,2.5,1.6,3.3,CS_DATA_AI
VKU220792,3.55,3.19,2.62,2.92,3.67,2.99,2.79,3.71,3.18,4.8,3.8,4.2,3.5,2.7,3.3,SE_FULLSTACK
VKU221077,3.81,3.45,2.76,2.64,3.62,3.58,3.81,3.14,3.35,4.6,3.7,2.0,2.0,2.8,4.3,DEVOPS_CLOUD
VKU220879,3.16,2.71,2.25,2.6,3.38,3.51,3.65,3.6,3.11,4.2,3.7,2.0,2.4,2.7,3.9,DEVOPS_CLOUD
VKU220338,3.79,3.24,3.57,3.68,3.36,2.51,2.78,3.07,3.25,3.2,4.8,1.9,2.2,2.3,3.0,CS_DATA_AI
VKU221773,2.9,2.71,2.82,3.76,3.92,2.57,2.89,2.83,3.05,2.8,3.9,2.5,3.9,4.6,4.6,DATA_ANALYTICS
VKU220720,3.83,4.0,2.84,2.69,3.6,2.35,2.85,3.64,3.23,3.8,4.6,2.0,2.8,3.7,4.7,SE_FULLSTACK
VKU221749,2.73,2.96,2.95,4.0,3.54,2.91,2.98,2.66,3.09,1.8,3.9,3.2,3.3,4.3,3.7,DATA_ANALYTICS
VKU220296,3.8,3.15,3.96,3.31,2.98,2.72,3.35,3.12,3.3,3.9,4.1,2.1,2.2,2.9,3.2,CS_DATA_AI
VKU221726,3.18,2.54,2.37,3.26,2.83,2.12,2.41,3.29,2.75,3.0,4.6,3.2,3.5,4.7,4.9,DATA_ANALYTICS
VKU221017,3.44,2.75,3.24,2.68,3.1,3.55,4.0,3.05,3.23,4.3,3.8,2.5,3.0,3.2,4.6,DEVOPS_CLOUD
VKU221276,3.45,3.33,3.17,3.37,3.2,3.5,4.0,3.46,3.44,4.1,4.0,2.2,2.0,3.2,3.6,CYBER_SECURITY
VKU221751,3.38,2.52,3.08,3.32,3.37,2.66,2.47,2.66,2.93,2.2,3.8,2.9,3.3,3.5,4.4,DATA_ANALYTICS
VKU221486,2.96,3.56,3.47,3.85,3.08,3.71,3.15,2.79,3.32,5.0,4.7,2.5,1.5,3.0,4.3,CYBER_SECURITY
VKU220456,4.0,3.77,2.42,3.55,3.46,2.63,2.71,3.78,3.29,3.6,3.2,3.6,2.6,2.8,3.5,SE_FULLSTACK
VKU221997,3.12,2.92,2.85,3.75,3.66,2.75,2.72,1.85,2.95,2.0,3.8,3.1,3.2,4.1,4.1,DATA_ANALYTICS
VKU220816,3.49,3.06,2.72,3.09,3.17,4.0,3.61,2.9,3.25,4.7,3.5,2.4,3.0,2.6,4.1,DEVOPS_CLOUD
VKU221887,3.21,2.74,2.7,3.46,4.0,3.63,2.74,3.37,3.23,2.8,4.2,3.7,4.0,4.5,4.8,DATA_ANALYTICS
VKU220270,3.94,3.3,3.53,3.49,4.0,2.7,3.35,3.07,3.42,3.4,3.9,1.3,2.4,2.5,4.0,CS_DATA_AI
VKU220996,3.81,2.75,2.66,3.04,3.34,3.59,3.37,3.55,3.26,4.3,3.5,2.0,2.7,4.2,4.3,DEVOPS_CLOUD
VKU220202,3.46,3.21,2.61,3.75,3.22,2.34,2.94,2.79,3.04,4.1,4.7,1.9,1.9,2.0,3.2,CS_DATA_AI
VKU220162,3.52,3.55,3.44,3.33,3.27,1.68,2.53,3.42,3.09,3.3,4.7,2.3,2.8,2.4,4.0,CS_DATA_AI
VKU221580,3.65,3.15,3.97,3.4,2.41,3.71,4.0,2.94,3.4,4.4,4.1,2.0,2.0,2.6,4.1,CYBER_SECURITY
VKU220730,3.45,3.21,2.76,2.27,3.24,3.31,3.85,3.49,3.2,4.2,4.6,3.0,2.7,3.7,4.3,SE_FULLSTACK
VKU220402,3.51,4.0,2.73,2.73,3.33,2.85,3.24,3.63,3.25,4.3,3.8,3.6,3.3,2.9,3.4,SE_FULLSTACK
VKU220703,3.45,3.42,3.51,3.31,3.07,3.01,3.47,3.56,3.35,4.5,4.2,3.1,3.7,3.0,3.9,SE_FULLSTACK
VKU221501,3.57,2.91,3.1,3.48,3.09,4.0,3.63,3.06,3.35,4.1,4.6,2.9,2.5,2.8,3.0,CYBER_SECURITY
VKU221846,2.9,2.51,2.75,4.0,3.67,2.31,2.75,2.9,2.97,3.0,4.6,3.1,3.8,4.4,4.1,DATA_ANALYTICS
VKU221796,3.05,3.24,3.14,3.57,4.0,2.73,2.09,2.88,3.09,2.6,4.1,3.2,3.9,4.0,4.9,DATA_ANALYTICS
VKU221130,2.71,2.31,3.06,3.27,3.06,4.0,3.5,2.61,3.06,5.0,4.1,1.6,2.3,3.5,4.4,DEVOPS_CLOUD
VKU220566,4.0,3.85,2.81,3.07,3.32,3.6,3.17,3.7,3.44,4.7,3.7,3.6,2.7,2.5,4.0,SE_FULLSTACK
VKU221414,3.71,3.63,3.3,3.12,3.21,3.81,3.39,2.59,3.34,4.3,5.0,1.6,1.8,2.8,4.0,CYBER_SECURITY
VKU221022,3.4,2.72,2.85,2.33,2.78,3.98,4.0,2.76,3.1,4.7,3.4,1.4,1.5,2.4,4.9,DEVOPS_CLOUD
VKU221026,3.34,3.18,3.07,2.88,3.31,2.76,3.75,2.63,3.11,4.8,3.9,2.3,2.6,2.5,3.7,DEVOPS_CLOUD
VKU221412,3.04,3.63,3.27,2.71,2.72,3.74,3.56,2.51,3.15,4.3,4.6,1.6,2.9,3.0,3.8,CYBER_SECURITY
VKU221896,2.64,2.58,1.93,3.64,4.0,2.97,2.67,2.68,2.89,2.6,3.9,3.1,2.8,4.1,4.6,DATA_ANALYTICS
VKU221586,3.98,2.37,3.24,3.44,2.79,3.44,3.49,3.81,3.32,4.9,3.8,1.7,2.6,3.9,4.7,CYBER_SECURITY
VKU221105,3.3,3.54,3.55,2.72,2.84,4.0,4.0,3.24,3.4,5.0,3.6,2.0,3.2,2.7,4.2,DEVOPS_CLOUD
VKU220206,4.0,3.35,4.0,3.58,3.4,2.62,2.83,3.23,3.38,3.6,4.6,2.4,2.5,3.2,2.4,CS_DATA_AI
VKU220035,3.78,3.4,3.41,4.0,3.31,2.31,3.34,3.16,3.34,4.4,4.8,2.1,1.9,2.3,3.4,CS_DATA_AI
VKU220776,3.79,3.86,3.33,2.42,3.1,3.01,3.09,4.0,3.33,4.0,4.5,3.4,3.8,3.3,3.5,SE_FULLSTACK
VKU220509,2.91,3.36,3.01,2.42,3.28,3.03,2.34,3.04,2.92,4.1,3.6,2.7,2.9,2.3,3.9,SE_FULLSTACK
VKU221452,3.17,3.64,3.9,3.36,3.94,3.81,3.34,2.92,3.51,3.8,4.2,1.5,1.9,3.1,4.2,CYBER_SECURITY
VKU221479,3.16,3.75,1.96,3.21,3.11,4.0,4.0,2.04,3.15,5.0,5.0,1.7,2.2,2.8,4.6,CYBER_SECURITY
VKU221971,2.46,3.43,2.74,3.39,4.0,2.27,2.77,2.86,2.99,2.4,3.7,3.4,4.1,4.4,4.4,DATA_ANALYTICS
VKU221391,3.35,3.83,2.49,3.01,3.54,3.59,3.74,3.03,3.32,4.0,4.1,1.3,1.9,2.5,4.7,CYBER_SECURITY
VKU220092,3.22,4.0,3.39,3.59,3.75,2.84,3.11,3.77,3.46,4.2,4.5,1.9,2.7,3.2,3.4,CS_DATA_AI
VKU221364,2.96,3.29,3.02,3.37,3.08,3.75,4.0,2.63,3.26,4.9,5.0,2.0,2.6,2.8,4.4,CYBER_SECURITY
VKU220898,2.94,2.99,2.86,2.35,3.15,3.52,3.89,2.7,3.05,4.8,3.6,1.6,2.3,2.5,4.2,DEVOPS_CLOUD
VKU220565,3.78,3.48,2.48,2.99,3.42,3.77,2.73,4.0,3.33,3.9,4.4,2.9,2.9,2.5,3.9,SE_FULLSTACK
VKU221370,2.8,3.44,3.0,3.83,2.89,4.0,3.42,3.01,3.3,5.0,4.8,2.0,1.9,2.5,4.1,CYBER_SECURITY
VKU220777,3.52,3.3,2.77,4.0,3.28,3.65,3.74,3.28,3.44,3.7,3.4,3.0,3.0,2.7,4.7,SE_FULLSTACK
VKU220242,3.83,3.82,3.59,3.41,3.12,3.26,2.55,3.17,3.34,4.4,5.0,2.9,2.5,2.9,4.1,CS_DATA_AI
VKU220014,3.6,3.76,3.7,3.75,3.71,2.99,3.08,3.01,3.45,4.0,5.0,1.9,2.0,2.4,2.9,CS_DATA_AI
VKU220316,3.2,3.21,3.31,3.88,3.77,2.64,2.78,2.18,3.12,3.9,4.5,1.6,2.3,2.8,3.7,CS_DATA_AI
VKU220601,3.16,3.68,3.31,3.22,4.0,2.86,2.87,3.79,3.36,4.1,4.3,3.8,3.1,3.0,4.0,SE_FULLSTACK
VKU220388,3.82,3.56,3.87,3.44,3.62,2.28,2.92,3.08,3.32,4.0,4.9,2.7,1.0,2.4,3.1,CS_DATA_AI
VKU221298,3.22,3.0,3.1,3.47,2.41,3.49,3.56,3.08,3.17,4.8,4.3,2.1,2.0,3.2,5.0,CYBER_SECURITY
VKU220167,2.8,3.08,3.32,3.53,3.01,2.62,3.53,3.42,3.16,3.5,4.5,2.1,2.2,2.7,2.7,CS_DATA_AI
VKU220841,3.22,3.05,2.89,2.9,2.8,3.86,3.53,2.72,3.12,4.7,4.7,2.7,2.4,2.1,5.0,DEVOPS_CLOUD
VKU220021,3.36,3.54,3.62,4.0,3.86,3.01,2.74,2.87,3.38,3.9,4.5,1.0,2.3,2.4,3.9,CS_DATA_AI
VKU220647,3.51,4.0,2.9,3.13,3.69,2.88,2.89,4.0,3.38,3.7,3.9,3.6,2.6,3.7,3.7,SE_FULLSTACK
VKU221843,3.28,2.27,3.03,4.0,3.42,2.59,2.66,3.37,3.08,2.3,3.8,2.8,3.1,3.7,4.7,DATA_ANALYTICS
VKU221509,3.29,3.59,2.84,3.34,2.78,3.81,3.86,3.07,3.32,4.4,4.3,2.4,2.8,2.6,3.9,CYBER_SECURITY
VKU221155,3.09,2.97,3.29,2.71,3.38,3.45,3.95,2.84,3.21,4.1,2.8,1.6,2.1,2.6,4.4,DEVOPS_CLOUD
VKU221529,2.64,4.0,2.57,3.3,3.0,4.0,4.0,2.81,3.29,4.9,5.0,2.4,1.8,3.3,4.4,CYBER_SECURITY
VKU220832,2.65,2.9,2.57,3.02,3.32,3.56,3.59,2.75,3.04,4.4,3.9,2.2,3.5,3.0,3.9,DEVOPS_CLOUD
VKU221268,4.0,3.78,2.95,3.15,3.0,3.84,3.91,2.7,3.42,3.7,4.5,2.4,2.4,2.6,3.2,CYBER_SECURITY
VKU221591,3.24,3.07,3.73,3.32,3.41,3.48,3.85,3.03,3.39,4.7,4.5,2.4,1.2,2.2,4.4,CYBER_SECURITY
VKU221900,3.38,3.42,2.66,4.0,3.52,2.71,3.44,2.82,3.24,2.5,4.5,3.0,3.8,4.5,4.4,DATA_ANALYTICS
VKU220563,3.38,3.53,3.14,3.08,3.22,3.64,3.22,4.0,3.4,4.8,3.6,3.9,2.9,2.4,3.1,SE_FULLSTACK
VKU221952,2.53,2.74,2.96,3.8,3.21,2.65,3.14,2.96,3.0,3.2,4.4,3.2,3.0,4.0,4.6,DATA_ANALYTICS
VKU220687,3.35,3.95,2.79,2.77,3.72,2.5,3.52,3.48,3.26,4.4,3.4,3.2,3.4,2.5,4.0,SE_FULLSTACK
VKU220958,3.43,2.86,2.66,3.07,3.33,3.88,4.0,2.92,3.27,4.5,4.1,1.7,3.1,1.9,4.3,DEVOPS_CLOUD
VKU220190,3.44,3.91,3.23,3.34,2.96,3.29,3.49,3.05,3.34,3.7,5.0,1.7,2.9,2.7,3.2,CS_DATA_AI
VKU221807,2.79,3.54,3.08,2.86,3.92,2.93,2.94,3.17,3.15,2.4,4.2,2.9,3.0,4.5,3.8,DATA_ANALYTICS
VKU220976,3.14,3.13,3.14,2.23,2.82,3.84,3.91,3.67,3.24,4.5,3.4,2.0,2.3,3.0,4.5,DEVOPS_CLOUD
VKU220700,3.76,3.7,2.45,3.4,3.37,2.39,3.03,4.0,3.26,3.8,3.8,3.4,3.1,2.8,3.4,SE_FULLSTACK
VKU221500,2.91,3.84,4.0,3.13,3.05,3.09,4.0,2.2,3.28,4.2,4.2,1.7,1.8,2.4,3.7,CYBER_SECURITY
VKU221706,3.2,3.36,2.47,4.0,3.69,2.25,2.54,3.47,3.12,2.3,3.6,3.3,3.8,4.2,4.3,DATA_ANALYTICS
VKU220511,3.66,3.35,2.54,3.2,4.0,3.35,3.42,4.0,3.44,4.0,5.0,3.2,3.7,2.4,3.4,SE_FULLSTACK
VKU221083,3.12,2.63,2.35,2.71,3.13,4.0,3.92,2.95,3.1,5.0,3.8,2.3,2.9,2.1,4.4,DEVOPS_CLOUD
VKU220475,3.23,3.15,3.6,2.44,2.52,3.04,2.71,3.41,3.01,3.8,3.1,3.5,2.9,2.8,4.2,SE_FULLSTACK
VKU221585,3.63,3.36,4.0,4.0,3.2,3.8,3.47,2.82,3.54,4.0,5.0,2.0,2.3,3.4,3.4,CYBER_SECURITY
VKU220857,3.74,3.53,2.2,3.0,3.09,3.65,3.29,2.76,3.16,4.8,4.2,2.4,2.5,3.5,4.4,DEVOPS_CLOUD
VKU220748,3.43,3.46,3.3,2.97,4.0,3.16,3.24,4.0,3.45,4.4,3.4,3.6,2.3,2.9,3.5,SE_FULLSTACK
VKU220253,3.94,3.45,3.69,3.71,2.85,3.13,3.22,3.02,3.38,4.0,5.0,1.8,2.7,3.4,3.6,CS_DATA_AI
VKU220022,3.4,4.0,3.9,3.88,3.32,2.88,3.09,2.94,3.43,3.7,4.8,3.1,2.5,2.5,4.1,CS_DATA_AI
VKU221338,3.63,3.23,3.65,2.51,3.03,3.19,3.23,2.66,3.14,4.7,4.2,1.0,2.2,3.0,5.0,CYBER_SECURITY
VKU220460,3.18,3.62,2.89,2.83,3.71,3.22,2.56,3.94,3.24,3.8,3.7,3.5,2.7,2.1,3.6,SE_FULLSTACK
VKU221185,3.35,3.13,3.08,2.6,2.75,4.0,4.0,3.22,3.27,4.6,3.5,1.9,2.1,2.2,4.2,DEVOPS_CLOUD
VKU220277,3.33,3.56,3.05,3.67,3.76,2.91,3.11,3.43,3.35,3.5,5.0,2.3,2.5,2.2,3.8,CS_DATA_AI
VKU220956,2.67,3.64,2.69,2.38,3.2,3.52,3.82,2.91,3.1,4.2,4.0,2.2,2.2,2.8,4.4,DEVOPS_CLOUD
VKU221216,3.77,3.43,3.19,3.61,3.09,4.0,4.0,2.51,3.45,4.4,4.8,2.0,2.8,2.6,3.7,CYBER_SECURITY
VKU220386,4.0,2.92,3.56,4.0,2.62,2.61,2.53,2.93,3.15,4.0,4.1,2.7,2.4,2.6,3.4,CS_DATA_AI
VKU220806,2.74,3.15,3.27,2.87,3.35,3.42,3.29,3.04,3.14,4.7,4.3,1.1,2.9,2.7,4.9,DEVOPS_CLOUD
VKU221438,2.8,3.57,3.01,3.45,2.52,3.17,3.64,3.0,3.14,4.6,5.0,1.6,2.0,2.3,4.2,CYBER_SECURITY
VKU221516,3.64,3.51,3.29,2.75,2.82,3.66,3.57,2.93,3.27,4.4,4.9,1.0,2.5,3.3,4.1,CYBER_SECURITY
VKU220344,3.71,3.4,3.27,3.7,2.98,3.44,3.56,3.57,3.45,3.9,4.6,2.6,2.7,2.5,3.7,CS_DATA_AI
VKU220770,3.65,3.37,2.43,2.53,3.42,2.96,3.11,3.48,3.12,4.4,3.4,3.1,2.8,2.9,4.1,SE_FULLSTACK
VKU221333,3.35,3.64,3.02,2.9,2.89,3.78,3.75,2.83,3.27,4.5,5.0,1.1,2.1,3.1,4.7,CYBER_SECURITY
VKU221686,3.12,2.97,3.05,3.03,3.69,2.43,3.48,3.19,3.12,2.3,4.1,3.1,3.2,4.7,4.3,DATA_ANALYTICS
VKU220131,3.25,3.83,3.23,3.46,2.82,2.81,3.4,2.95,3.22,4.2,4.1,2.2,2.4,2.0,4.0,CS_DATA_AI
VKU221688,3.67,2.94,2.99,2.95,3.64,2.53,2.72,3.48,3.12,2.4,4.8,3.0,3.4,3.4,4.9,DATA_ANALYTICS
VKU220872,3.83,3.05,2.98,3.27,2.85,3.63,4.0,3.16,3.35,5.0,4.5,1.7,1.7,3.8,4.3,DEVOPS_CLOUD
VKU221124,3.04,2.66,2.84,3.14,2.39,4.0,3.58,3.93,3.2,4.8,4.7,1.4,2.2,2.7,4.7,DEVOPS_CLOUD
VKU221397,3.3,3.2,3.24,3.29,2.6,4.0,4.0,3.04,3.33,4.8,4.9,1.9,2.4,2.4,4.5,CYBER_SECURITY
VKU220088,3.28,3.58,3.84,3.88,2.35,3.04,3.18,3.58,3.34,4.5,5.0,2.9,2.7,2.6,2.8,CS_DATA_AI
VKU221483,3.02,3.96,3.14,3.06,3.29,3.56,3.89,2.35,3.28,4.8,5.0,1.6,2.0,1.4,5.0,CYBER_SECURITY
VKU220331,3.13,3.18,3.66,3.67,3.14,2.72,2.56,3.02,3.14,4.3,4.0,1.8,2.1,2.4,3.1,CS_DATA_AI
VKU221239,2.96,3.33,3.31,2.96,3.75,4.0,2.82,2.79,3.24,4.9,4.7,1.1,1.3,3.1,3.5,CYBER_SECURITY
VKU220467,2.8,3.85,2.44,2.77,3.25,3.49,2.65,3.36,3.08,3.8,3.8,4.2,2.6,3.3,3.6,SE_FULLSTACK
VKU220122,3.26,2.84,2.9,4.0,3.25,1.96,3.12,2.23,2.94,4.2,4.3,1.6,2.2,2.3,4.0,CS_DATA_AI
VKU221639,2.9,3.34,3.31,3.51,2.75,2.77,2.77,3.11,3.06,2.4,5.0,3.4,3.7,4.3,4.6,DATA_ANALYTICS
VKU221045,3.14,3.03,2.76,2.96,3.04,3.48,4.0,3.19,3.2,4.2,3.3,1.7,2.5,3.0,4.1,DEVOPS_CLOUD
VKU221725,3.36,3.16,2.49,3.45,3.88,2.2,2.26,2.79,2.95,1.9,3.7,3.2,3.2,4.5,4.8,DATA_ANALYTICS
VKU221096,3.47,3.31,3.09,2.36,2.62,3.13,3.8,3.28,3.13,5.0,4.0,1.3,1.6,2.1,3.9,DEVOPS_CLOUD
VKU221131,3.48,2.91,2.54,3.02,2.94,4.0,3.79,2.92,3.2,4.0,3.9,1.8,2.6,3.3,4.8,DEVOPS_CLOUD
VKU221295,2.97,3.62,3.8,3.2,2.51,3.85,4.0,2.99,3.37,4.0,4.3,1.9,2.3,2.8,4.5,CYBER_SECURITY
VKU220861,3.02,3.55,2.9,4.0,3.0,3.94,3.36,3.52,3.41,4.3,4.4,1.5,3.0,2.7,3.6,DEVOPS_CLOUD
VKU221460,3.76,2.76,3.22,3.28,3.09,3.32,3.56,2.89,3.23,5.0,4.7,2.1,1.7,3.0,4.8,CYBER_SECURITY
VKU221127,2.92,2.5,3.07,3.49,2.85,3.17,3.78,2.88,3.08,4.7,3.3,2.2,1.6,2.4,5.0,DEVOPS_CLOUD
